generationId,createdAt,status,type,modelId,modelName,isNsfwFlag,prompt,outputUrl
e50fe8af-56e3-47ad-95bb-d27fc8338a03,2026-03-11T11:03:29.123Z,completed,face-swap-image,,,false,Face swap,https://pub-deb24e74d34c49a3a2e474e11dbf5a64.r2.dev/generations/1773227013052_1l2w82f1.jpg
e85d209c-8836-4a1f-abf8-6de584972058,2026-03-11T11:04:37.459Z,completed,advanced-image,,,false,nude rubbing tits,https://pub-deb24e74d34c49a3a2e474e11dbf5a64.r2.dev/generations/1773227268487_za70kc91.jpg
cc5c7d63-ba24-4652-b5b0-6c1aaef98048,2026-03-12T08:03:43.452Z,completed,advanced-image,,,false,nude in submissive position,https://pub-deb24e74d34c49a3a2e474e11dbf5a64.r2.dev/generations/1773302939783_o73xtxpx.jpg
5eda46f1-3b8f-494c-85b4-43704e7ac811,2026-03-12T08:55:18.499Z,completed,advanced-image,6d0a4376-10d5-41f3-80ff-7123108a6f57,helga 2,false,naked using steel buttplug in ass and clear dildo in pussy while leaking cum,https://pub-deb24e74d34c49a3a2e474e11dbf5a64.r2.dev/generations/1773305802479_q9niqikq.jpg
9d728624-0e5d-4c94-a813-86e2d0f63dbb,2026-03-12T08:55:53.444Z,completed,advanced-image,,,false,dildo in pussy leaking cum and steel buttplug in ass,https://pub-deb24e74d34c49a3a2e474e11dbf5a64.r2.dev/generations/1773305908770_i5wk2yjz.jpg
bac1b9c7-dacf-40ed-99f2-4de0b2164b00,2026-03-12T11:23:57.979Z,completed,advanced-image,6d0a4376-10d5-41f3-80ff-7123108a6f57,helga 2,false,nude mirror pic posing with dildo in pussy,https://pub-deb24e74d34c49a3a2e474e11dbf5a64.r2.dev/generations/1773314691963_86pu6v7m.jpg
2bd982de-8921-4807-abdb-8439f60d2897,2026-03-12T11:41:14.128Z,completed,advanced-image,da8b1145-afa7-4e83-be9a-1e7c643c9389,tinna,false,fully naked with tounge out and rolling eyes,https://pub-deb24e74d34c49a3a2e474e11dbf5a64.r2.dev/generations/1773315784559_afyi7msx.jpg
a94df70b-b077-4b88-8d50-9a899307ae30,2026-03-12T11:45:05.859Z,completed,advanced-image,da8b1145-afa7-4e83-be9a-1e7c643c9389,tinna,false,nude mirror mic,https://pub-deb24e74d34c49a3a2e474e11dbf5a64.r2.dev/generations/1773315959489_gvj9gass.jpg
ed3e61d5-7bc2-4f74-8f6e-478590b3eb5a,2026-03-12T11:47:12.449Z,completed,advanced-image,da8b1145-afa7-4e83-be9a-1e7c643c9389,tinna,false,fully naked mirror selfie,https://pub-deb24e74d34c49a3a2e474e11dbf5a64.r2.dev/generations/1773316089990_xwlfg0tn.jpg
963c5148-7136-4c3f-b532-5a086670903f,2026-03-12T11:49:19.257Z,completed,advanced-image,da8b1145-afa7-4e83-be9a-1e7c643c9389,tinna,false,fully nude showing tits mirror selfie,https://pub-deb24e74d34c49a3a2e474e11dbf5a64.r2.dev/generations/1773316266849_rb5fhy0c.jpg
f03ee792-ecc5-43db-959a-9c05b4d8eb19,2026-03-12T11:54:37.078Z,completed,advanced-image,da8b1145-afa7-4e83-be9a-1e7c643c9389,tinna,false,on knees looking up at camera with tounge out and open mouth fully naked ready for cream pie,https://pub-deb24e74d34c49a3a2e474e11dbf5a64.r2.dev/generations/1773316546503_257qhys8.jpg
fc14bd8a-e29f-4d74-88fb-28831ae250c5,2026-03-12T11:55:16.640Z,completed,advanced-image,,,false,fully nude showing tits mirror selfie,https://pub-deb24e74d34c49a3a2e474e11dbf5a64.r2.dev/generations/1773316574156_6zvhush8.jpg
4dddc6c5-ac89-43d0-bfec-f33e73fc946c,2026-03-12T11:56:50.220Z,completed,advanced-image,,,false,fully nude showing tits and face mirror selfie,https://pub-deb24e74d34c49a3a2e474e11dbf5a64.r2.dev/generations/1773316666446_bq4nx2sz.jpg
84e3c47b-ae2b-40fd-b2b4-fd77bf998b2a,2026-03-12T11:59:30.017Z,completed,advanced-image,da8b1145-afa7-4e83-be9a-1e7c643c9389,tinna,false,floating naked on back in a pool full of semen,https://pub-deb24e74d34c49a3a2e474e11dbf5a64.r2.dev/generations/1773317100620_szzftprp.jpg
9d2d42cf-6d2a-4bd8-9810-cd84f9500820,2026-03-12T12:07:12.153Z,completed,advanced-image,da8b1145-afa7-4e83-be9a-1e7c643c9389,tinna,false,fully naked being fucked in commando position,https://pub-deb24e74d34c49a3a2e474e11dbf5a64.r2.dev/generations/1773317287669_4k1n13uk.jpg
43f3a661-49ba-4012-b077-895b4c4a499c,2026-03-12T12:09:09.130Z,completed,advanced-image,da8b1145-afa7-4e83-be9a-1e7c643c9389,tinna,false,being fucked by a dick comando,https://pub-deb24e74d34c49a3a2e474e11dbf5a64.r2.dev/generations/1773317586478_k3h5vmo7.jpg
40e94977-64f6-4ae6-b6a9-9d52970facf3,2026-03-12T12:13:45.506Z,completed,advanced-image,da8b1145-afa7-4e83-be9a-1e7c643c9389,tinna,false,fully naked showing tits while sucking dick,https://pub-deb24e74d34c49a3a2e474e11dbf5a64.r2.dev/generations/1773317683824_v0zl97cw.jpg
bbb27f50-999e-47b7-ac1d-7a5870912d65,2026-03-12T12:18:44.693Z,completed,advanced-image,da8b1145-afa7-4e83-be9a-1e7c643c9389,tinna,false,oral sex while full nude,https://pub-deb24e74d34c49a3a2e474e11dbf5a64.r2.dev/generations/1773317982442_pmxz476e.jpg
27b72810-e552-4231-831b-11c97adb3ddf,2026-03-12T12:18:56.641Z,completed,advanced-image,da8b1145-afa7-4e83-be9a-1e7c643c9389,tinna,false,anal sex full nude,https://pub-deb24e74d34c49a3a2e474e11dbf5a64.r2.dev/generations/1773318014016_lrt2kdch.jpg
eb2cc716-9476-4462-903a-33fa17fa7927,2026-03-12T12:19:18.573Z,completed,advanced-image,da8b1145-afa7-4e83-be9a-1e7c643c9389,tinna,false,having sex,https://pub-deb24e74d34c49a3a2e474e11dbf5a64.r2.dev/generations/1773318038687_6c3h9p2r.jpg
5999783b-8933-4b72-92ad-83b874331409,2026-03-12T12:25:53.236Z,completed,advanced-image,da8b1145-afa7-4e83-be9a-1e7c643c9389,tinna,false,them having sex,https://pub-deb24e74d34c49a3a2e474e11dbf5a64.r2.dev/generations/1773318687423_3jtx6htr.jpg
561f0f7c-0617-454f-a0a6-024ec4216ecd,2026-03-12T12:54:38.450Z,completed,advanced-image,da8b1145-afa7-4e83-be9a-1e7c643c9389,tinna,false,fucking this man,https://pub-deb24e74d34c49a3a2e474e11dbf5a64.r2.dev/generations/1773320135595_2tx0kntn.jpg
87d4373f-92cb-4fa0-b1ee-02f6ba0d4c16,2026-03-12T12:56:06.176Z,completed,advanced-image,,,false,anal fisting nude,https://pub-deb24e74d34c49a3a2e474e11dbf5a64.r2.dev/generations/1773320247749_vvfd7up9.jpg
c311f5e3-e33b-42ff-b09f-cb5e30a9077b,2026-03-12T12:56:13.662Z,completed,advanced-image,6d0a4376-10d5-41f3-80ff-7123108a6f57,helga 2,false,anal fisting,https://pub-deb24e74d34c49a3a2e474e11dbf5a64.r2.dev/generations/1773320280828_0smjbnkn.jpg
dc2f943f-2c5c-4cf3-8560-fd8e1881691a,2026-03-12T18:18:16.063Z,completed,nsfw,6d0a4376-10d5-41f3-80ff-7123108a6f57,helga 2,true,"lora_helga_2 with athletic body, fair skin, blue eyes, long straight blonde hair, medium sized breasts, lying on back on messy white sheets in dim bedroom, legs spread wide knees to chest, one hand spreading pussy with fingers, other hand spreading ass cheeks, looking up at camera with subtle aroused expression, phone charger and water bottle on nightstand, overhead angle looking down at body",https://pub-deb24e74d34c49a3a2e474e11dbf5a64.r2.dev/nsfw-generations/1773339560635_gtg231ml.png
680f3646-b827-4151-9ca4-44b6092452ed,2026-03-12T18:20:15.783Z,completed,nsfw,6d0a4376-10d5-41f3-80ff-7123108a6f57,helga 2,true,"helga with athletic body, fair skin, blue eyes, medium sized breasts, long straight blonde hair, fully nude, kneeling on bedroom floor, POV first person angle looking down, submissive expression looking up at camera with eye contact, mouth wrapped around erect penis, hands gripping shaft, messy hair falling forward, slightly damp skin, rumpled sheets nearby, phone charger on nightstand",https://pub-deb24e74d34c49a3a2e474e11dbf5a64.r2.dev/nsfw-generations/1773339766300_ribrqk2y.png
bc626a98-8a0c-4219-a9c0-af406da18668,2026-03-12T18:20:22.148Z,completed,nsfw,6d0a4376-10d5-41f3-80ff-7123108a6f57,helga 2,true,"helga with athletic body, fair skin, blue eyes, medium sized breasts, long straight blonde hair, fully nude, kneeling on bedroom floor, POV first person angle looking down, submissive expression looking up at camera with eye contact, mouth wrapped around erect penis, hands gripping shaft, messy hair falling forward, slightly damp skin, rumpled sheets nearby, phone charger on nightstand",https://pub-deb24e74d34c49a3a2e474e11dbf5a64.r2.dev/nsfw-generations/1773339784165_rrzoamv0.png
213e478a-b7c9-46f7-9140-ff8d87bc0aff,2026-03-12T18:23:11.427Z,completed,nsfw,6d0a4376-10d5-41f3-80ff-7123108a6f57,helga 2,true,lora_helga_2 athletic build fair skin blue eyes long straight blonde hair medium breasts fully nude reverse cowgirl straddling on rumpled white sheets messy dorm room ass facing camera erect penis entering pussy visible from below one hand squeezing breast looking back over shoulder submissive gaze up messy sex hair slightly damp skin POV first person angle full body shot,https://pub-deb24e74d34c49a3a2e474e11dbf5a64.r2.dev/nsfw-generations/1773340196644_guek3a7i.png
e7d9fa98-e00a-4256-9f06-96e9fc63e107,2026-03-12T18:23:20.131Z,completed,nsfw,6d0a4376-10d5-41f3-80ff-7123108a6f57,helga 2,true,lora_helga_2 athletic build fair skin blue eyes long straight blonde hair medium breasts fully nude reverse cowgirl straddling on rumpled white sheets messy dorm room ass facing camera erect penis entering pussy visible from below one hand squeezing breast looking back over shoulder submissive gaze up messy sex hair slightly damp skin POV first person angle full body shot,https://pub-deb24e74d34c49a3a2e474e11dbf5a64.r2.dev/nsfw-generations/1773340301664_bu1l1uw1.png
548adbcd-7dc3-45e6-956d-59ba79a75582,2026-03-12T18:24:24.625Z,completed,nsfw,6d0a4376-10d5-41f3-80ff-7123108a6f57,helga 2,true,"lora_helga_2 with long straight blonde messy sex hair, fair skin, blue eyes, athletic body, medium sized breasts, kneeling fully nude pushing breasts together around erect penis, looking up at camera with playful expression, slightly damp skin, rumpled white sheets on messy dorm room floor, POV from above full body shot",https://pub-deb24e74d34c49a3a2e474e11dbf5a64.r2.dev/nsfw-generations/1773340385244_qe9sw57h.png
7672ac39-a7d3-4903-b4eb-4d727f9a8af3,2026-03-12T21:05:33.930Z,completed,advanced-image,da8b1145-afa7-4e83-be9a-1e7c643c9389,tinna,false,"kneeling on bedroom floor, POV first person angle looking down, submissive expression looking up at camera with eye contact, mouth wrapped around erect penis, hands gripping shaft, messy hair falling forward, slightly damp skin, rumpled sheets nearby, phone charger on nightstand",https://pub-deb24e74d34c49a3a2e474e11dbf5a64.r2.dev/generations/1773349638295_25hb8ml1.jpg
67b38dd9-2f2b-44c8-af8f-5669711906f7,2026-03-12T21:08:06.965Z,completed,advanced-image,da8b1145-afa7-4e83-be9a-1e7c643c9389,tinna,false,fully nude mirror pic with tits and a penis,https://pub-deb24e74d34c49a3a2e474e11dbf5a64.r2.dev/generations/1773349940025_ta99is55.jpg
e695dcfd-4dd1-40cb-9b38-1b452731f2e3,2026-03-12T21:09:45.609Z,completed,advanced-image,da8b1145-afa7-4e83-be9a-1e7c643c9389,tinna,false,spreading legs nude revealing gaping asshole and tight pussy,https://pub-deb24e74d34c49a3a2e474e11dbf5a64.r2.dev/generations/1773349884117_t2g48mck.jpg
530ed6b7-2d9f-4d7a-9a09-f30e78371855,2026-03-12T21:12:39.266Z,completed,advanced-image,,,false,fully nude spreading legs and tounge out rolling eyes,https://pub-deb24e74d34c49a3a2e474e11dbf5a64.r2.dev/generations/1773350002748_h70xtwy6.jpg
ca1fd529-23ed-46ff-81f5-7b1789c7ff1a,2026-03-12T21:13:35.373Z,completed,advanced-image,6d0a4376-10d5-41f3-80ff-7123108a6f57,helga 2,false,fully nude showing tits and a dick,https://pub-deb24e74d34c49a3a2e474e11dbf5a64.r2.dev/generations/1773350058724_b8f7ats9.jpg
7dd55a90-4d43-44c0-8201-f77fb446a536,2026-03-12T21:14:43.443Z,completed,advanced-image,6d0a4376-10d5-41f3-80ff-7123108a6f57,helga 2,false,mirror selfie orgasm face fully naked with dick,https://pub-deb24e74d34c49a3a2e474e11dbf5a64.r2.dev/generations/1773350200391_s7cnb0ag.jpg
2c369517-f1c1-45d4-8e48-2fe25db40e62,2026-03-12T21:15:44.794Z,completed,advanced-image,6d0a4376-10d5-41f3-80ff-7123108a6f57,helga 2,false,fully naked mirror pic sweaty after fucking and cum all over body leaking out of pussy,https://pub-deb24e74d34c49a3a2e474e11dbf5a64.r2.dev/generations/1773350330222_9m5dzqs4.jpg
82c51a11-90e5-4b05-8099-7e0971fc4a3e,2026-03-12T21:17:51.338Z,completed,advanced-image,6d0a4376-10d5-41f3-80ff-7123108a6f57,helga 2,false,bending over showing anus and looking back fully naked 1 person view og her boyfriend,https://pub-deb24e74d34c49a3a2e474e11dbf5a64.r2.dev/generations/1773350387897_e3tcqksx.jpeg
d97e32ce-3491-493b-a76e-d7d6e8f1461f,2026-03-12T21:20:05.365Z,completed,advanced-image,6d0a4376-10d5-41f3-80ff-7123108a6f57,helga 2,false,fully naked mirror pic sweaty after fucking and covered in white semen leaking out of pussy and anus (in bedroom),https://pub-deb24e74d34c49a3a2e474e11dbf5a64.r2.dev/generations/1773350614147_gyzsei0z.jpg
a1f3f74a-10a4-4c10-98c8-03d9cd209e1e,2026-03-12T21:20:57.218Z,completed,advanced-image,6d0a4376-10d5-41f3-80ff-7123108a6f57,helga 2,false,bending over fully in bed showing anus and looking back fully naked 1 person view from behind,https://pub-deb24e74d34c49a3a2e474e11dbf5a64.r2.dev/generations/1773350583413_dfqxz516.jpg
7c25e233-d175-4726-8b21-6c89bb0c2c5d,2026-03-12T21:25:41.845Z,completed,advanced-image,6d0a4376-10d5-41f3-80ff-7123108a6f57,helga 2,false,boobies and tounge out fully naked selfie from above,https://pub-deb24e74d34c49a3a2e474e11dbf5a64.r2.dev/generations/1773350906667_iljt3gcp.jpg
48f52db7-a15c-4456-a5cb-d5c092237829,2026-03-12T21:26:08.583Z,completed,advanced-image,6d0a4376-10d5-41f3-80ff-7123108a6f57,helga 2,false,bending over fully in bed showing full anal cavity and looking back fully naked 1 person view from behind,https://pub-deb24e74d34c49a3a2e474e11dbf5a64.r2.dev/generations/1773350889482_q6zns3cl.jpg
591856dc-4756-42ff-b9c9-e828ccfda502,2026-03-12T21:27:37.464Z,completed,image-identity,,,false,"recreate image 4 using identity from images 1, 2 and 3. keep pose and background from image 4. keep the exact clothes and accessories from image 4. don't use clothes or accessories from images 1, 2 and 3.",https://pub-deb24e74d34c49a3a2e474e11dbf5a64.r2.dev/generations/1773351024230_uti2ukxm.jpg
85d8eeec-3b96-444b-9629-194ae77de561,2026-03-12T21:29:27.192Z,completed,advanced-image,,,false,bending over fully in bed showing full anal cavity and looking back smiling fully naked 1 person view from behind,https://pub-deb24e74d34c49a3a2e474e11dbf5a64.r2.dev/generations/1773351081904_vs3mk0hv.jpg
24a233eb-7a6a-4aae-a162-0cedf2228713,2026-03-12T21:29:50.093Z,completed,advanced-image,da8b1145-afa7-4e83-be9a-1e7c643c9389,tinna,false,spreading legs showing pussy an boobs,https://pub-deb24e74d34c49a3a2e474e11dbf5a64.r2.dev/generations/1773351077743_4gnzn7dk.jpg
e3962baf-fbed-4f56-81a0-b67a6c49f82b,2026-03-12T21:34:16.327Z,completed,advanced-image,da8b1145-afa7-4e83-be9a-1e7c643c9389,tinna,false,bending over fully in bed showing full anal cavity and looking back smiling fully naked 1 person view from behind,https://pub-deb24e74d34c49a3a2e474e11dbf5a64.r2.dev/generations/1773351299909_31zi5orz.jpg
b5c447a4-08c0-49fa-bde2-fb4c9f7969f8,2026-03-12T21:34:33.415Z,completed,advanced-image,6d0a4376-10d5-41f3-80ff-7123108a6f57,helga 2,false,bending over fully in bed showing full anal cavity and looking back smiling fully naked 1 person view from behind,https://pub-deb24e74d34c49a3a2e474e11dbf5a64.r2.dev/generations/1773352343456_o49y0ejj.jpg
6554a723-759e-4e94-bb03-c5d233178eff,2026-03-12T21:47:10.847Z,completed,advanced-image,6d0a4376-10d5-41f3-80ff-7123108a6f57,helga 2,false,bending over fully in bed showing full anal cavity and looking back smiling fully naked 1 person view from behind,https://pub-deb24e74d34c49a3a2e474e11dbf5a64.r2.dev/generations/1773352149485_4xx7m38c.jpg
26bf5ef9-bb89-4e5f-a3b1-9ed762df8b89,2026-03-12T21:50:59.042Z,completed,advanced-image,,,false,bending over fully in bed showing full anal cavity and looking back smiling fully naked 1 person view from behind,https://pub-deb24e74d34c49a3a2e474e11dbf5a64.r2.dev/generations/1773352301433_m5rntxfh.jpg
900650a0-78c1-4aca-af68-ea3a1eb05d85,2026-03-12T21:51:07.291Z,completed,advanced-image,6d0a4376-10d5-41f3-80ff-7123108a6f57,helga 2,false,bending over fully in bed showing full anal cavity and looking back smiling fully naked 1 person view from behind,https://pub-deb24e74d34c49a3a2e474e11dbf5a64.r2.dev/generations/1773352325161_0dk3cdpw.jpg
beea2fab-e902-41d7-bf51-018552f23817,2026-03-12T23:08:11.140Z,completed,advanced-image,da8b1145-afa7-4e83-be9a-1e7c643c9389,tinna,false,"(camera shows from behind) full naked doing yoga position downwards dog revealing anal cavity and pussy, she looks over shoulder making eye contact with camera while smiling",https://pub-deb24e74d34c49a3a2e474e11dbf5a64.r2.dev/generations/1773356967428_m49vp8yw.jpg
10e5f6a8-479d-4866-8b03-2f645a6c1a4c,2026-03-12T23:09:58.751Z,completed,advanced-image,da8b1145-afa7-4e83-be9a-1e7c643c9389,tinna,false,"(camera shows from behind) full naked doing yoga position downwards dog revealing anal cavity and tight pussy, she looks over shoulder making eye contact with camera while smiling in bed",https://pub-deb24e74d34c49a3a2e474e11dbf5a64.r2.dev/generations/1773357035401_vo7x68ch.jpg
c25537e2-a72e-4822-9952-32eccb77aeea,2026-03-12T23:10:41.700Z,completed,advanced-image,6d0a4376-10d5-41f3-80ff-7123108a6f57,helga 2,false,"(camera shows from behind) full naked doing yoga position downwards dog revealing anal cavity and tight pussy, she looks over shoulder making eye contact with camera while smiling in bed",https://pub-deb24e74d34c49a3a2e474e11dbf5a64.r2.dev/generations/1773357090518_y7mq8lp1.jpg
98685401-16ab-4241-a8c1-cdf20884a02f,2026-03-12T23:11:15.596Z,completed,advanced-image,,,false,"(camera shows from behind) full naked doing yoga position downwards dog revealing anal cavity and tight pussy, she looks over shoulder making eye contact with camera while smiling in bed",https://pub-deb24e74d34c49a3a2e474e11dbf5a64.r2.dev/generations/1773357120912_vrbon4rz.jpg
07395408-19c1-4a42-b862-af2413588936,2026-03-12T23:17:41.180Z,completed,advanced-image,da8b1145-afa7-4e83-be9a-1e7c643c9389,tinna,false,"(camera shows from behind) full naked doing yoga position downwards dog revealing tight pussy, she looks over shoulder making eye contact with camera while smiling in bed",https://pub-deb24e74d34c49a3a2e474e11dbf5a64.r2.dev/generations/1773357537135_n4j056yc.jpg
3bc4c28f-02eb-4ce6-8467-6e9be7aee81d,2026-03-13T21:23:50.536Z,completed,prompt-video,,,false,she shakes boobies rolles eyes and sticks tounge out,https://pub-deb24e74d34c49a3a2e474e11dbf5a64.r2.dev/generations/1773437214225_h1fqj4xc.mp4
3ec261a3-567b-4923-bcc6-2d50540eb329,2026-03-14T00:26:15.758Z,completed,advanced-image,5789be0d-dd77-4a6b-844e-e89b63d61064,hafdis,false,mirror selfie full nude showing tist and pussy while posing with peace sing fingers and tounge out with rolling eyes of satisfaction,https://pub-deb24e74d34c49a3a2e474e11dbf5a64.r2.dev/generations/1773448078583_0s1vwktt.jpg
5a23efe1-8820-4a52-a9ba-767da0f703ea,2026-03-14T00:30:02.952Z,failed,advanced-image,5789be0d-dd77-4a6b-844e-e89b63d61064,hafdis,false,mirror selfie full nude showing tits with no hair in the way and pussy while posing with peace sign fingers and tounge out with rolling eyes of satisfaction (very petite),
ad421595-afc7-44fb-be7f-24e323b7e329,2026-03-14T00:30:43.643Z,completed,advanced-image,da8b1145-afa7-4e83-be9a-1e7c643c9389,tinna,false,mirror selfie full nude showing tits with no hair in the way and pussy while posing with peace sign fingers and tounge out with rolling eyes of satisfaction (petite),https://pub-deb24e74d34c49a3a2e474e11dbf5a64.r2.dev/generations/1773448305330_6ud9b1g9.jpeg
50c7f1b8-ae6a-4ef9-96f5-351e0d728053,2026-03-14T00:33:07.375Z,failed,advanced-image,6d0a4376-10d5-41f3-80ff-7123108a6f57,helga 2,false,mirror selfie full nude showing tits with nothing in the way and pussy while posing with peace sign fingers and tounge out with rolling eyes of satisfaction in bedroom (petite),
def1af01-c30f-4468-bc52-9d57e386c4b5,2026-03-14T00:36:48.937Z,completed,advanced-image,6d0a4376-10d5-41f3-80ff-7123108a6f57,helga 2,false,mirror selfie full nude showing tits with nothing in the way and pussy while posing with peace sign fingers and tounge out with rolling eyes of satisfaction in bedroom (petite),https://pub-deb24e74d34c49a3a2e474e11dbf5a64.r2.dev/generations/1773449019783_ikwj83ot.jpeg
088abf8b-86a7-4f8e-8216-39a89f91894b,2026-03-14T00:37:05.560Z,failed,advanced-image,da8b1145-afa7-4e83-be9a-1e7c643c9389,tinna,false,mirror selfie full nude showing tits with nothing in the way and pussy while posing with peace sign fingers and tounge out with rolling eyes of satisfaction in bedroom (petite),
d3bc7ac0-6e7f-42f8-8ae2-e949e8c1dca8,2026-03-14T01:03:16.088Z,failed,advanced-image,da8b1145-afa7-4e83-be9a-1e7c643c9389,tinna,false,mirror selfie full nude showing tits with nothing in the way and pussy while posing with peace sign fingers and tounge out with rolling eyes of satisfaction in sauna (petite),
f52091ae-354e-44cb-9efb-0b746f1b8476,2026-03-14T01:03:44.647Z,failed,advanced-image,da8b1145-afa7-4e83-be9a-1e7c643c9389,tinna,false,mirror selfie full nude showing tits with nothing in the way and pussy while posing with peace sign fingers and tounge out with rolling eyes of satisfaction in sauna (petite),
edc7dc41-8f1d-462a-839b-f15a5b29d9b8,2026-03-14T01:04:17.135Z,completed,advanced-image,da8b1145-afa7-4e83-be9a-1e7c643c9389,tinna,false,mirror selfie full nude showing tits with nothing in the way of nipples and pussy while posing with peace sign fingers and tounge out with rolling eyes of satisfaction in sauna (petite),https://pub-deb24e74d34c49a3a2e474e11dbf5a64.r2.dev/generations/1773450303567_qa6c9u1p.jpg
f10a5dc5-a5b3-4fef-a284-287a51921d74,2026-03-14T01:05:48.960Z,completed,advanced-image,da8b1145-afa7-4e83-be9a-1e7c643c9389,tinna,false,mirror selfie full nude showing tits with nothing in the way of nipples and pussy while posing with peace sign fingers and tounge out with rolling eyes of satisfaction in sauna,https://pub-deb24e74d34c49a3a2e474e11dbf5a64.r2.dev/generations/1773450405943_342tu8lf.jpg
35d29e9a-d663-4b5b-95d5-c95ce23258b4,2026-03-14T01:06:22.038Z,completed,advanced-image,5789be0d-dd77-4a6b-844e-e89b63d61064,hafdis,false,mirror selfie full nude showing tits with nothing in the way of nipples and pussy while posing with peace sign fingers and tounge out with rolling eyes of satisfaction in sauna,https://pub-deb24e74d34c49a3a2e474e11dbf5a64.r2.dev/generations/1773450444153_tol50jyu.jpg
80dc7f06-0d97-4fa4-9152-2b1544e9ac86,2026-03-14T01:06:36.530Z,completed,advanced-image,,,false,mirror selfie full nude showing tits with nothing in the way of nipples and pussy while posing with peace sign fingers and tounge out with rolling eyes of satisfaction in sauna,https://pub-deb24e74d34c49a3a2e474e11dbf5a64.r2.dev/generations/1773450444147_7wmmaxrc.jpg
fa4c4ce2-eb42-4287-babf-77304425e99c,2026-03-14T01:09:16.740Z,completed,advanced-image,5789be0d-dd77-4a6b-844e-e89b63d61064,hafdis,false,sweaty mirror selfie full nude showing tits with nothing in the way of nipples and pussy while posing with middle finger and straight face in sauna,https://pub-deb24e74d34c49a3a2e474e11dbf5a64.r2.dev/generations/1773450625495_3modrof3.jpg
1af33854-4890-4163-aa3f-a6efca4439e2,2026-03-14T01:10:00.049Z,completed,advanced-image,6d0a4376-10d5-41f3-80ff-7123108a6f57,helga 2,false,sweaty mirror selfie full nude showing tits with nothing in the way of nipples and clean shaved pussy while posing with middle finger and straight face in sauna,https://pub-deb24e74d34c49a3a2e474e11dbf5a64.r2.dev/generations/1773450751025_2gd554vx.jpg
b06a0fe4-ec1c-453a-99f1-6fac8107b56b,2026-03-14T01:10:35.436Z,completed,advanced-image,da8b1145-afa7-4e83-be9a-1e7c643c9389,tinna,false,sweaty mirror selfie full nude showing tits with nothing in the way of nipples and clean shaved pussy while posing with middle finger and straight face in sauna,https://pub-deb24e74d34c49a3a2e474e11dbf5a64.r2.dev/generations/1773450746265_mih9i52r.jpg
c711a54a-daf5-44b7-8ecf-9e5d5383fe9e,2026-03-14T01:11:52.209Z,completed,advanced-image,da8b1145-afa7-4e83-be9a-1e7c643c9389,tinna,false,sweaty mirror selfie full nude showing tits with nothing in the way of nipples and clean shaved pussy while posing with middle finger and straight face in sauna (petite athlete physique),https://pub-deb24e74d34c49a3a2e474e11dbf5a64.r2.dev/generations/1773450755227_eivry3qi.jpg
c1219e4a-25fd-4ea1-8210-196d1480e713,2026-03-14T01:13:50.751Z,completed,advanced-image,5789be0d-dd77-4a6b-844e-e89b63d61064,hafdis,false,sweaty mirror selfie full nude showing tits with nothing in the way of nipples and clean shaved pussy while posing with middle finger and straight face in sauna (petite athlete physique),https://pub-deb24e74d34c49a3a2e474e11dbf5a64.r2.dev/generations/1773451255258_1qydts8d.jpg
40773a0a-fd2b-4e9a-a13a-b40fb5902cd0,2026-03-14T01:14:22.025Z,failed,advanced-image,5789be0d-dd77-4a6b-844e-e89b63d61064,hafdis,false,sweaty mirror selfie full nude showing tits with nothing in the way of nipples and clean shaved pussy while posing with middle finger and straight face in changing room (petite athlete physique),
d96c7dea-3bcd-482b-8e31-531b6535e6d6,2026-03-14T01:18:59.431Z,completed,advanced-image,da8b1145-afa7-4e83-be9a-1e7c643c9389,tinna,false,sweaty mirror selfie full nude showing tits with nothing in the way of nipples and clean shaved pussy while posing with middle finger and straight face in changing room (petite athlete physique),https://pub-deb24e74d34c49a3a2e474e11dbf5a64.r2.dev/generations/1773451177700_srzhwjxs.jpg
f089e38f-e8e5-4bd6-ac11-011e0ad90df7,2026-03-14T01:20:50.615Z,completed,advanced-image,da8b1145-afa7-4e83-be9a-1e7c643c9389,tinna,false,sweaty mirror selfie full nude showing tits with nothing in the way of nipples and clean shaved pussy while posing in gym class changing room (petite athlete physique),https://pub-deb24e74d34c49a3a2e474e11dbf5a64.r2.dev/generations/1773451299687_q4t5561x.jpg
86685cd9-57ef-46b0-8d27-d31ee7522ab7,2026-03-14T01:22:52.362Z,failed,advanced-image,da8b1145-afa7-4e83-be9a-1e7c643c9389,tinna,false,sweaty mirror selfie full nude showing tits with nothing in the way of nipples and clean shaved pussy while posing with middle finger and straight face in the middle of class (petite athlete physique),
9badd667-0b95-467c-b6bb-0e8966927e0e,2026-03-14T01:23:34.743Z,failed,advanced-image,da8b1145-afa7-4e83-be9a-1e7c643c9389,tinna,false,sweaty mirror selfie full nude showing tits with nothing in the way of nipples and clean shaved pussy while posing in the middle of class (petite athlete physique),
c5700164-3b0a-4de5-b0ba-aef348e6ee50,2026-03-14T01:23:45.139Z,failed,advanced-image,5789be0d-dd77-4a6b-844e-e89b63d61064,hafdis,false,sweaty mirror selfie full nude showing tits with nothing in the way of nipples and clean shaved pussy while posing in the middle of class (petite athlete physique),
b003b057-f394-4a87-a3a8-858a605370ca,2026-03-14T01:26:21.106Z,failed,advanced-image,5789be0d-dd77-4a6b-844e-e89b63d61064,hafdis,false,very sweaty mirror selfie full nude showing tits with nothing in the way of nipples and clean shaved pussy while posing in the middle of public gym (petite athlete physique),
59a4757f-a1aa-4081-805c-210f03a6cd42,2026-03-14T01:26:33.665Z,completed,advanced-image,da8b1145-afa7-4e83-be9a-1e7c643c9389,tinna,false,very sweaty mirror selfie full nude showing tits with nothing in the way of nipples and clean shaved pussy while posing in the middle of public gym (petite athlete physique),https://pub-deb24e74d34c49a3a2e474e11dbf5a64.r2.dev/generations/1773451631907_z2fmg0pk.jpg
9fe0980c-7495-4214-a82f-baaa7550bc50,2026-03-14T01:31:42.694Z,completed,advanced-image,5fabae4b-7b1a-4681-8f19-7712f545ee34,kristin,false,bending over fully in bed showing full anal cavity and looking back smiling fully naked 1 person view from behind,https://pub-deb24e74d34c49a3a2e474e11dbf5a64.r2.dev/generations/1773451946034_qjj0wi5h.jpg
c0f0ed4e-511d-4049-b212-46ceceda4080,2026-03-14T01:31:50.684Z,completed,advanced-image,5789be0d-dd77-4a6b-844e-e89b63d61064,hafdis,false,bending over fully in bed showing full anal cavity and looking back smiling fully naked 1 person view from behind,https://pub-deb24e74d34c49a3a2e474e11dbf5a64.r2.dev/generations/1773451954018_5pe6efli.jpg
ec0c5624-7bf6-4521-8f8d-cfca2cad5285,2026-03-14T01:34:52.303Z,completed,advanced-image,5fabae4b-7b1a-4681-8f19-7712f545ee34,kristin,false,very sweaty mirror selfie full nude showing tits with nothing in the way of nipples and clean shaved pussy while posing in the middle of sauna (skinny lenghty athlete physique),https://pub-deb24e74d34c49a3a2e474e11dbf5a64.r2.dev/generations/1773452168581_ub53en82.jpg
b783457f-6971-47a8-b9ff-222ad4961b80,2026-03-14T01:35:55.929Z,completed,advanced-image,5fabae4b-7b1a-4681-8f19-7712f545ee34,kristin,false,sweaty mirror selfie full nude showing tits with nothing in the way of nipples and clean shaved pussy while posing with middle finger and straight face in sauna (skinny legthy athlete physique),https://pub-deb24e74d34c49a3a2e474e11dbf5a64.r2.dev/generations/1773452233320_qpbvlbt6.jpg
eb6efa4a-2fd8-46f1-9810-6bd3d2d2ccfc,2026-03-14T01:39:51.699Z,completed,advanced-image,,,false,sweaty mirror selfie full nude showing tits with nothing in the way of nipples and clean shaved pussy while posing with middle finger and straight face in sauna (strong athlete physique),https://pub-deb24e74d34c49a3a2e474e11dbf5a64.r2.dev/generations/1773452532522_ma0m6krf.jpg
adbd274c-ced7-4568-bfc4-5430910b4f18,2026-03-14T01:40:49.622Z,completed,advanced-image,,,false,bending over fully in bed showing full anal cavity and looking back smiling fully naked 1 person view from behind,https://pub-deb24e74d34c49a3a2e474e11dbf5a64.r2.dev/generations/1773452763034_smpyovvj.jpg
40cb3696-8741-4bc1-aeee-3af1670a086a,2026-03-14T01:48:08.282Z,completed,advanced-image,5fabae4b-7b1a-4681-8f19-7712f545ee34,kristin,false,fully nude mirror pic with tits and a penis,https://pub-deb24e74d34c49a3a2e474e11dbf5a64.r2.dev/generations/1773453001215_piluou2l.jpg
9d6c8c81-c9eb-4194-b834-cec201b9db46,2026-03-14T01:48:42.573Z,completed,advanced-image,5fabae4b-7b1a-4681-8f19-7712f545ee34,kristin,false,mirror selfie full nude showing tist and pussy while posing with peace sing fingers and tounge out with rolling eyes of satisfaction,https://pub-deb24e74d34c49a3a2e474e11dbf5a64.r2.dev/generations/1773453001206_0ydcnh5z.jpg
681058e0-9a8e-427d-bea7-e876cfb846aa,2026-03-14T01:50:48.821Z,completed,advanced-image,5fabae4b-7b1a-4681-8f19-7712f545ee34,kristin,false,mirror selfie full nude showing tist and pussy while posing with peace sing fingers and tounge out with rolling eyes of satisfaction nothing covering nipples,https://pub-deb24e74d34c49a3a2e474e11dbf5a64.r2.dev/generations/1773453125680_slg6f77j.jpg
440103d5-a6a4-40b3-99ee-9b054f431048,2026-03-14T01:55:29.091Z,completed,advanced-image,5fabae4b-7b1a-4681-8f19-7712f545ee34,kristin,false,super sweaty making this face (🥵) while in sauna fully naked facing camera while getting fucked in the ass nipples fully out and showing (lengthy skinny athlete body build),https://pub-deb24e74d34c49a3a2e474e11dbf5a64.r2.dev/generations/1773453408517_i03b9yyc.jpg
bf25ae33-90a3-496a-9c59-a1099b2b0632,2026-03-14T01:56:26.028Z,completed,advanced-image,,,false,fully nude mirror selfie with tits and a penis jerking off with intense face,https://pub-deb24e74d34c49a3a2e474e11dbf5a64.r2.dev/generations/1773453812186_6sqoo233.jpg
ad45a8ee-55cf-4728-9344-a7fb788490a6,2026-03-14T01:56:57.588Z,completed,advanced-image,5fabae4b-7b1a-4681-8f19-7712f545ee34,kristin,false,fully nude mirror selfie with tits and a penis jerking off with intense face,https://pub-deb24e74d34c49a3a2e474e11dbf5a64.r2.dev/generations/1773453542957_fn7r9nrb.jpg
2c23f1a2-7fb0-4f82-8b60-5a1103719035,2026-03-14T01:57:05.608Z,completed,advanced-image,5789be0d-dd77-4a6b-844e-e89b63d61064,hafdis,false,fully nude mirror selfie with tits and a penis jerking off with intense face,https://pub-deb24e74d34c49a3a2e474e11dbf5a64.r2.dev/generations/1773453542039_d6rdlszf.jpg
752e97b9-f6c8-45bc-82a0-ea1bfccc5976,2026-03-14T01:57:13.223Z,completed,advanced-image,da8b1145-afa7-4e83-be9a-1e7c643c9389,tinna,false,fully nude mirror selfie with tits and a penis jerking off with intense fac,https://pub-deb24e74d34c49a3a2e474e11dbf5a64.r2.dev/generations/1773453542966_35f792g5.jpg
426c4b8a-839a-4edf-9fd5-7a2c312c95c2,2026-03-14T01:58:27.464Z,completed,advanced-image,5fabae4b-7b1a-4681-8f19-7712f545ee34,kristin,false,super sweaty making this face (🥵) while in sauna fully naked facing camera while getting fucked in the ass by a man (nipples fully out and showing lengthy skinny athlete body build),https://pub-deb24e74d34c49a3a2e474e11dbf5a64.r2.dev/generations/1773453559676_fxwjwxcu.jpg
9113070a-9a7b-4726-9465-28b66872045d,2026-03-14T02:00:29.287Z,failed,advanced-image,5fabae4b-7b1a-4681-8f19-7712f545ee34,kristin,false,super sweaty making this face (🥵) while in sauna fully naked facing camera while getting fist in the ass by a man (nipples fully out and showing lengthy skinny athlete body build),
1ac15ef1-6911-46fa-a2c8-c733de7f9a36,2026-03-14T02:03:55.768Z,failed,advanced-image,5fabae4b-7b1a-4681-8f19-7712f545ee34,kristin,false,super sweaty making this face (🥵) while in sauna fully naked facing camera while getting fucked in the ass by a man (nipples fully out and showing lengthy skinny athlete body build),
e016f8bc-0cc8-4fa2-8bf5-1d673660442a,2026-03-14T02:09:25.357Z,completed,advanced-image,5fabae4b-7b1a-4681-8f19-7712f545ee34,kristin,false,girl super sweaty making this face (🥵) while in sauna fully naked facing camera while getting fucked in the ass by the man (nipples fully out and showing lengthy skinny athlete body build),https://pub-deb24e74d34c49a3a2e474e11dbf5a64.r2.dev/generations/1773454279960_y4rwyjs2.jpg
7ccd5705-7a49-4a39-b1f6-15bbffdf5cc5,2026-03-14T02:10:33.926Z,failed,advanced-image,,,false,girls super sweaty making this face (🥵) while in sauna fully naked facing camera while getting fist in the ass by the man (nipples fully out and showing lengthy skinny athlete body build),
20f6a3f4-6ad5-4ec9-be8b-69169a6f4bd4,2026-03-14T02:11:54.198Z,completed,advanced-image,5789be0d-dd77-4a6b-844e-e89b63d61064,hafdis,false,lifting upp shirt revealing nipples while making shy face,https://pub-deb24e74d34c49a3a2e474e11dbf5a64.r2.dev/generations/1773454468946_qminlnf7.jpg
35d69627-a22c-46e4-89c4-8da31b0b9003,2026-03-14T02:13:38.704Z,completed,advanced-image,da8b1145-afa7-4e83-be9a-1e7c643c9389,tinna,false,girl super sweaty making this face (🥵) while in sauna fully naked facing camera while getting fucked in the ass by the man (nipples fully out and showing lengthy skinny athlete body build),https://pub-deb24e74d34c49a3a2e474e11dbf5a64.r2.dev/generations/1773454539661_n3fdir4r.jpg
b88f0f4c-da02-44aa-b488-8cee4ea160fa,2026-03-14T02:15:49.445Z,failed,advanced-image,5fabae4b-7b1a-4681-8f19-7712f545ee34,kristin,false,lifting upp shirt revealing nipples while making shy face,
ff6e25a7-e4d9-4a57-bac8-bab27d070a7e,2026-03-14T02:15:58.162Z,failed,advanced-image,5fabae4b-7b1a-4681-8f19-7712f545ee34,kristin,false,lifting upp shirt revealing nipples while making shy face,
84f4e34c-7680-48a6-ac8a-2297c24b4c9a,2026-03-14T02:16:47.224Z,failed,advanced-image,5789be0d-dd77-4a6b-844e-e89b63d61064,hafdis,false,lifting upp shirt revealing nipples while making shy face,
ec8ab8db-2e70-4ed3-8106-277016e131c3,2026-03-14T02:19:00.404Z,completed,advanced-image,da8b1145-afa7-4e83-be9a-1e7c643c9389,tinna,false,lifting upp shirt revealing nipples while making shy face,https://pub-deb24e74d34c49a3a2e474e11dbf5a64.r2.dev/generations/1773454900019_q30puq7x.jpg
7b9aa455-ca36-475f-ba64-ead27ee8b2eb,2026-03-14T02:22:24.750Z,failed,advanced-image,da8b1145-afa7-4e83-be9a-1e7c643c9389,tinna,false,lifting upp shirt revealing nipples while making shy face in kitchen,
c7f2bb21-a9e9-493e-b60d-39a8e7272dbe,2026-03-14T11:09:24.485Z,completed,advanced-image,5fabae4b-7b1a-4681-8f19-7712f545ee34,kristin,false,"Overhead top-down camera angle of a woman lying on a bed, centered composition, looking up toward the camera, knees bent and legs apart, holding her feet with her hands, soft natural daylight, cozy bedroom setting with white pillows and textured blanket, realistic photography style, 35mm lens, shallow depth of field, relaxed expression, fully naked showing pussy and nipples, high detail, cinematic lighting (legthy skinny athletic body build)",https://pub-deb24e74d34c49a3a2e474e11dbf5a64.r2.dev/generations/1773486685851_knwkjbcz.jpg
85153ae0-e347-49d4-8fea-e25fc35f6b43,2026-03-14T11:15:16.391Z,completed,advanced-image,5fabae4b-7b1a-4681-8f19-7712f545ee34,kristin,false,"woman relaxing on a yacht sofa, ocean in the background, reclining pose, smiling at the camera, full nude showing nipples and her pussy, black lace stockings, soft natural daylight, summer atmosphere, cinematic photography, shallow depth of field, realistic skin tones, lifestyle fashion shoot, high detail, 50mm lens (skinny lengthy athletic body)",https://pub-deb24e74d34c49a3a2e474e11dbf5a64.r2.dev/generations/1773486967670_8as52juh.jpg
948aea7a-1abc-44d8-964a-f4df37cdd64f,2026-03-14T11:15:55.610Z,failed,advanced-image,5789be0d-dd77-4a6b-844e-e89b63d61064,hafdis,false,"woman relaxing on a yacht sofa, ocean in the background, reclining pose, smiling at the camera, full nude showing nipples and her pussy, black lace stockings, soft natural daylight, summer atmosphere, cinematic photography, shallow depth of field, realistic skin tones, lifestyle fashion shoot, high detail, 50mm lens (petite athletic body)",
86c2bd27-e5d7-43d4-ada7-cbe6c9ad99ea,2026-03-14T11:16:15.413Z,failed,advanced-image,da8b1145-afa7-4e83-be9a-1e7c643c9389,tinna,false,"woman relaxing on a yacht sofa, ocean in the background, reclining pose, smiling at the camera, full nude showing nipples and her pussy, black lace stockings, soft natural daylight, summer atmosphere, cinematic photography, shallow depth of field, realistic skin tones, lifestyle fashion shoot, high detail, 50mm lens (athletic body)",
f00311f7-c0ca-4cf6-a440-44bdb10f841f,2026-03-14T11:17:43.727Z,failed,advanced-image,5fabae4b-7b1a-4681-8f19-7712f545ee34,kristin,false,girl super sweaty making this face (🥵) while in sauna fully naked facing camera while getting fucked in the ass by the man (nipples fully out and showing lengthy skinny athlete body build),
49e2702d-d1f9-41ff-9b4c-59b30fcf8a06,2026-03-14T11:19:41.368Z,failed,advanced-image,,,false,girl super sweaty making this face (🥵) while in sauna fully naked facing camera while getting fucked in the ass by the man (nipples fully out and showing lengthy skinny athlete body build),
eefb8b7e-6e68-4ca5-8ce4-d518d9b5e3ed,2026-03-14T11:21:23.768Z,failed,advanced-image,,,false,bending over fully in bed showing full vagina and anal cavity and looking back smiling fully naked 1 person view from behind,
9bd887a5-7425-454e-89bc-748876d1863f,2026-03-14T13:54:36.594Z,completed,advanced-image,,,false,bending over fully in bed showing full vagina and anal cavity and looking back smiling fully naked 1 person view from behind,https://pub-deb24e74d34c49a3a2e474e11dbf5a64.r2.dev/generations/1773496547453_bobxw7z9.jpg
47ab48b9-b644-4883-be92-6a0afc21aa62,2026-03-14T13:55:39.672Z,completed,advanced-image,da8b1145-afa7-4e83-be9a-1e7c643c9389,tinna,false,"woman relaxing on a yacht sofa, ocean in the background, reclining pose, smiling at the camera, full nude showing nipples and her pussy, black lace stockings, soft natural daylight, summer atmosphere, cinematic photography, shallow depth of field, realistic skin tones, lifestyle fashion shoot, high detail, 50mm lens (athletic body)",https://pub-deb24e74d34c49a3a2e474e11dbf5a64.r2.dev/generations/1773497409857_blel4asn.jpg
8600855a-6c8d-4dd9-9890-653cc87dfa19,2026-03-14T13:57:27.346Z,completed,advanced-image,,,false,sweaty mirror selfie full nude showing tits with nothing in the way of nipples and clean shaved pussy while posing with middle finger and straight face in sauna (skinny legthy athlete physique),https://pub-deb24e74d34c49a3a2e474e11dbf5a64.r2.dev/generations/1773496690838_0em6xtdl.jpg
4d3a0669-d61c-4ba1-89be-52674b0a2395,2026-03-14T13:58:53.079Z,completed,advanced-image,5fabae4b-7b1a-4681-8f19-7712f545ee34,kristin,false,"Overhead top-down camera angle of a woman lying on a bed, centered composition, looking up toward the camera, knees bent and legs apart, holding her feet with her hands, soft natural daylight, cozy bedroom setting with white pillows and textured blanket, realistic photography style, 35mm lens, shallow depth of field, relaxed expression, fully naked showing pussy and nipples, high detail, cinematic lighting (legthy skinny athletic body build)",https://pub-deb24e74d34c49a3a2e474e11dbf5a64.r2.dev/generations/1773496847640_vjxyhj3i.jpg
d29ad4a2-0f9e-4eae-b9c0-52aed3ff5ac3,2026-03-14T13:59:15.520Z,completed,advanced-image,5789be0d-dd77-4a6b-844e-e89b63d61064,hafdis,false,"Overhead top-down camera angle of a woman lying on a bed, centered composition, looking up toward the camera, knees bent and legs apart, holding her feet with her hands, soft natural daylight, cozy bedroom setting with white pillows and textured blanket, realistic photography style, 35mm lens, shallow depth of field, relaxed expression, fully naked showing pussy and nipples, high detail, cinematic lighting (small petite athletic body build)",https://pub-deb24e74d34c49a3a2e474e11dbf5a64.r2.dev/generations/1773497142357_ayft7yrf.jpg
7bc2456f-2480-4a9e-b1f0-1c5aea2031f2,2026-03-14T14:00:59.525Z,completed,advanced-image,,,false,super sweaty mirror selfie full nude showing tits with nothing in the way of nipples and clean shaved pussy while posing with middle finger and straight face in sauna (skinny legthy athlete physique),https://pub-deb24e74d34c49a3a2e474e11dbf5a64.r2.dev/generations/1773497052570_es4ypqt9.jpg
8d7d1d28-01c4-4daa-b766-329c0563c1eb,2026-03-14T14:02:57.101Z,completed,advanced-image,5fabae4b-7b1a-4681-8f19-7712f545ee34,kristin,false,lifting upp shirt revealing nipples while making shy face in supermarket,https://pub-deb24e74d34c49a3a2e474e11dbf5a64.r2.dev/generations/1773497020571_m8m906by.jpg
28721518-ef95-41ba-bb6e-c2b5a87b864e,2026-03-14T16:23:48.297Z,failed,advanced-image,318f8b27-fffb-406c-9bbb-ef68c6109946,hafdis 2,false,mirror selfie crying full nude breaking down,
7261d978-cb05-402e-a026-f63466b8c786,2026-03-14T16:26:00.440Z,completed,advanced-image,318f8b27-fffb-406c-9bbb-ef68c6109946,hafdis 2,false,mirror selfie full nude breaking down crying,https://pub-deb24e74d34c49a3a2e474e11dbf5a64.r2.dev/generations/1773505608850_eo79vts8.jpg
6b7c97b8-bb60-454c-bb53-b3892a0eab74,2026-03-14T16:31:57.608Z,failed,advanced-image,318f8b27-fffb-406c-9bbb-ef68c6109946,hafdis 2,false,"overhead POV shot from above the torso, person lying back on a dark leather couch, legs bent and open toward the camera, knees angled outward, feet off frame, torso centered with visible abdominal posture, shoulders relaxed, arms resting near the hips, head slightly tilted downward, neutral expression, fully nude with nothing covering nipples, natural indoor lighting, high detail, photorealistic, cinematic composition, 50mm lens",
25f6a36c-8421-4824-a7b1-bde98a71021c,2026-03-14T16:32:55.596Z,completed,advanced-image,318f8b27-fffb-406c-9bbb-ef68c6109946,hafdis 2,false,"overhead POV shot from above the torso, person lying back on a dark leather couch, legs bent and open toward the camera, knees angled outward, feet off frame, torso centered with visible abdominal posture, shoulders relaxed, arms resting near the hips, head slightly tilted downward, neutral expression, fully nude with nothing covering nipples, natural indoor lighting, high detail, photorealistic, cinematic composition, 50mm lens",https://pub-deb24e74d34c49a3a2e474e11dbf5a64.r2.dev/generations/1773506030856_bjb9c11m.jpg
66f61b17-8e8a-4c51-809c-381b92e427b5,2026-03-14T16:33:07.712Z,completed,advanced-image,5fabae4b-7b1a-4681-8f19-7712f545ee34,kristin,false,"overhead POV shot from above the torso, person lying back on a dark leather couch, legs bent and open toward the camera, knees angled outward, feet off frame, torso centered with visible abdominal posture, shoulders relaxed, arms resting near the hips, head slightly tilted downward, neutral expression, fully nude with nothing covering nipples, natural indoor lighting, high detail, photorealistic, cinematic composition, 50mm lens",https://pub-deb24e74d34c49a3a2e474e11dbf5a64.r2.dev/generations/1773506031486_ndu3ugo3.jpg
e087f9cb-2821-49a4-a26d-b3be8647330a,2026-03-14T16:35:22.872Z,failed,advanced-image,5fabae4b-7b1a-4681-8f19-7712f545ee34,kristin,false,fully naked hung up by feet in a sloughter house,
dcda2f2f-2112-4a73-b763-3472d082d01d,2026-03-14T16:37:11.260Z,completed,advanced-image,5fabae4b-7b1a-4681-8f19-7712f545ee34,kristin,false,fully ude nothing covering nipples dead in park,https://pub-deb24e74d34c49a3a2e474e11dbf5a64.r2.dev/generations/1773506274665_smyhkk1a.jpg
20e68e5e-05a0-4484-9a4f-a5c71a6e1cf8,2026-03-14T16:38:57.682Z,failed,advanced-image,5fabae4b-7b1a-4681-8f19-7712f545ee34,kristin,false,fully nude nothing covering nipples dead from gun in bed,
9192d2c8-e819-444d-a0d0-96004b122c3e,2026-03-14T17:01:22.403Z,failed,advanced-image,,,false,super sweaty mirror selfie full nude showing tits with nothing in the way of nipples and clean shaved pussy while posing with middle finger and straight face in sauna (skinny legthy athlete physique),
c494b731-85cc-4502-98da-6a1d79faf133,2026-03-15T07:47:54.964Z,completed,advanced-image,da8b1145-afa7-4e83-be9a-1e7c643c9389,tinna,false,blacked out drunk laying on floor naked unconscious in toilet,https://pub-deb24e74d34c49a3a2e474e11dbf5a64.r2.dev/generations/1773560904695_o0vz56ip.jpeg
e4cf045f-1a0b-4f98-a540-1468a1359613,2026-03-15T07:49:20.463Z,failed,advanced-image,da8b1145-afa7-4e83-be9a-1e7c643c9389,tinna,false,blacked out drunk laying on floor naked unconscious in toilet nipples showing,
aee3fe80-cefc-4ded-b058-ba989ac656ae,2026-03-15T07:50:00.097Z,completed,advanced-image,5fabae4b-7b1a-4681-8f19-7712f545ee34,kristin,false,blacked out drunk laying on floor naked unconscious in toilet nipples showing,https://pub-deb24e74d34c49a3a2e474e11dbf5a64.r2.dev/generations/1773561031913_9fcrhdyl.jpeg
8958edee-e77f-4da1-88fc-8650d28ade2f,2026-03-15T07:51:50.247Z,completed,advanced-image,5fabae4b-7b1a-4681-8f19-7712f545ee34,kristin,false,blacked out drunk laying on floor naked unconscious in toilet nipples showing (lengthy skinny athletic),https://pub-deb24e74d34c49a3a2e474e11dbf5a64.r2.dev/generations/1773561137771_lnhmfpcy.jpeg
a1f22f3e-d6e2-4b07-9601-34fedc450ee2,2026-03-15T07:52:03.549Z,completed,advanced-image,da8b1145-afa7-4e83-be9a-1e7c643c9389,tinna,false,blacked out drunk laying on floor naked unconscious in toilet nipples showing (lengthy skinny athletic),https://pub-deb24e74d34c49a3a2e474e11dbf5a64.r2.dev/generations/1773561148750_tpda5nze.jpeg
af936797-0f8b-45b9-a1d3-1344ed970855,2026-03-15T07:53:23.516Z,completed,advanced-image,5789be0d-dd77-4a6b-844e-e89b63d61064,hafdis,false,blacked out drunk laying on floor naked unconscious arms and legs spread in toilet nipples showing (lengthy skinny athletic),https://pub-deb24e74d34c49a3a2e474e11dbf5a64.r2.dev/generations/1773561241038_tm8tqk7i.jpeg
08c5191a-13e4-4db1-a39e-4181fa924bb4,2026-03-15T07:53:34.868Z,completed,advanced-image,5fabae4b-7b1a-4681-8f19-7712f545ee34,kristin,false,blacked out drunk laying on floor naked unconscious arms and legs spread in toilet nipples showing (lengthy skinny athletic),https://pub-deb24e74d34c49a3a2e474e11dbf5a64.r2.dev/generations/1773561254141_u5p6z9bm.jpeg
640e5882-bc03-4ef5-9f66-55659dbccfd5,2026-03-15T07:53:46.043Z,completed,advanced-image,da8b1145-afa7-4e83-be9a-1e7c643c9389,tinna,false,blacked out drunk laying on floor naked unconscious arms and legs spread in toilet nipples showing (lengthy skinny athletic),https://pub-deb24e74d34c49a3a2e474e11dbf5a64.r2.dev/generations/1773561259838_68czsw6l.jpeg
e3e1dac6-f98b-48b4-a3b8-0998fc9ce4bc,2026-03-15T07:55:56.704Z,completed,advanced-image,318f8b27-fffb-406c-9bbb-ef68c6109946,hafdis 2,false,blacked out drunk laying on floor naked unconscious arms and legs in random positions in toilet nipples showing (lengthy skinny athletic),https://pub-deb24e74d34c49a3a2e474e11dbf5a64.r2.dev/generations/1773561393861_qm7kqzle.jpeg
7b2dc614-bdc9-4472-8973-0294ebc41dce,2026-03-15T07:56:09.463Z,completed,advanced-image,5fabae4b-7b1a-4681-8f19-7712f545ee34,kristin,false,blacked out drunk laying on floor naked unconscious arms and legs in random positions in toilet nipples showing (lengthy skinny athletic),https://pub-deb24e74d34c49a3a2e474e11dbf5a64.r2.dev/generations/1773561397613_fe6i5x69.jpeg
db55daed-843d-4cff-80bd-8877c6517efc,2026-03-15T07:56:16.292Z,completed,advanced-image,da8b1145-afa7-4e83-be9a-1e7c643c9389,tinna,false,blacked out drunk laying on floor naked unconscious arms and legs in random positions in toilet nipples showing (lengthy skinny athletic),https://pub-deb24e74d34c49a3a2e474e11dbf5a64.r2.dev/generations/1773561407995_wh86hjyf.jpeg
5c062311-9986-4ee5-a3fe-cc2099bafdaf,2026-03-15T07:56:24.450Z,completed,advanced-image,6d0a4376-10d5-41f3-80ff-7123108a6f57,helga 2,false,blacked out drunk laying on floor naked unconscious arms and legs in random positions in toilet nipples showing (lengthy skinny athletic),https://pub-deb24e74d34c49a3a2e474e11dbf5a64.r2.dev/generations/1773561431987_dy1q35tm.jpeg
c1014ef1-3928-467f-8d2d-ece8c7df1e18,2026-03-15T07:57:54.834Z,completed,advanced-image,6d0a4376-10d5-41f3-80ff-7123108a6f57,helga 2,false,blacked out drunk laying on floor naked unconscious arms and legs in random positions in toilet nipples showing straight sleeping like face (lengthy skinny athletic),https://pub-deb24e74d34c49a3a2e474e11dbf5a64.r2.dev/generations/1773561506028_afqhey92.jpeg
13050384-f15a-45a0-9a5c-1bdc6c0d48da,2026-03-15T07:58:07.775Z,completed,advanced-image,5fabae4b-7b1a-4681-8f19-7712f545ee34,kristin,false,blacked out drunk laying on floor naked unconscious arms and legs in random positions in toilet nipples showing straight sleeping like face (lengthy skinny athletic),https://pub-deb24e74d34c49a3a2e474e11dbf5a64.r2.dev/generations/1773561519651_wqcagtrz.jpeg
93262b75-6208-4da1-9c0a-d73304fbbd56,2026-03-15T07:58:17.925Z,failed,advanced-image,6d0a4376-10d5-41f3-80ff-7123108a6f57,helga 2,false,blacked out drunk laying on floor naked unconscious arms and legs in random positions in toilet nipples showing straight sleeping like face (lengthy skinny athletic),
1d9bb813-b368-49c8-9e83-420535bccb1d,2026-03-15T08:01:19.440Z,failed,advanced-image,6d0a4376-10d5-41f3-80ff-7123108a6f57,helga 2,false,blacked out drunk laying on floor naked unconscious arms and legs in random positions in toilet nipples showing pale skin straight sleeping like pale face (lengthy skinny athletic),
bed9431c-3bde-4002-a195-0c81345ccbd7,2026-03-15T08:03:45.156Z,completed,advanced-image,da8b1145-afa7-4e83-be9a-1e7c643c9389,tinna,false,shot dead laying on floor naked unconscious arms and legs in random positions in toilet nipples showing straight sleeping like face (athletic),https://pub-deb24e74d34c49a3a2e474e11dbf5a64.r2.dev/generations/1773561849551_b1u6t9gj.jpeg
7a591ead-b360-440e-923a-310ad3182de2,2026-03-15T08:04:07.366Z,completed,advanced-image,6d0a4376-10d5-41f3-80ff-7123108a6f57,helga 2,false,blacked out drunk laying on floor naked unconscious arms and legs in random positions in toilet nipples showing straight sleeping like pale face (lengthy skinny athletic),https://pub-deb24e74d34c49a3a2e474e11dbf5a64.r2.dev/generations/1773561876801_xu9rklon.jpeg
7b8b9543-c16b-465d-a88d-badc8939bebf,2026-03-15T08:04:21.405Z,completed,advanced-image,5fabae4b-7b1a-4681-8f19-7712f545ee34,kristin,false,blacked out drunk laying on floor naked unconscious arms and legs in random positions in toilet nipples showing straight sleeping like pale face (lengthy skinny athletic),https://pub-deb24e74d34c49a3a2e474e11dbf5a64.r2.dev/generations/1773561892681_4bg9xcg2.jpeg
8934cd46-cdfb-436c-8fd3-f1ef56bfbe4c,2026-03-15T09:55:12.829Z,completed,nsfw,6d0a4376-10d5-41f3-80ff-7123108a6f57,helga 2,true,"lora_helga_2 with long straight blonde hair, fair skin, blue eyes, medium sized breasts, athletic fit body, lying on back in missionary position on messy bed, legs spread wide, erect penis penetrating pussy visible between thighs, one hand squeezing breast, biting lower lip with flushed cheeks, messy hair on pillow, POV from above, rumpled sheets, phone charger nearby",https://pub-deb24e74d34c49a3a2e474e11dbf5a64.r2.dev/nsfw-generations/1773568580368_dn9fwkv3.png
90c04c78-f77a-4363-8892-059cf13aefcd,2026-03-15T09:55:20.197Z,completed,nsfw,6d0a4376-10d5-41f3-80ff-7123108a6f57,helga 2,true,"lora_helga_2 with long straight blonde hair, fair skin, blue eyes, medium sized breasts, athletic fit body, lying on back in missionary position on messy bed, legs spread wide, erect penis penetrating pussy visible between thighs, one hand squeezing breast, biting lower lip with flushed cheeks, messy hair on pillow, POV from above, rumpled sheets, phone charger nearby",https://pub-deb24e74d34c49a3a2e474e11dbf5a64.r2.dev/nsfw-generations/1773568631719_8pyrgwjk.png
cdfcdcdf-3283-4d3a-8821-c2136a3e6053,2026-03-15T10:04:34.570Z,completed,advanced-image,318f8b27-fffb-406c-9bbb-ef68c6109946,hafdis 2,false,tied upp to bed fully nude nipples out in orgy with 3 men,https://pub-deb24e74d34c49a3a2e474e11dbf5a64.r2.dev/generations/1773569109782_mbrimtmu.jpeg
fc25a8e8-364e-47d3-9e0b-79fc0b329825,2026-03-15T10:05:54.540Z,completed,advanced-image,5fabae4b-7b1a-4681-8f19-7712f545ee34,kristin,false,tied upp to bed fully nude nipples out in orgy with 3 men,https://pub-deb24e74d34c49a3a2e474e11dbf5a64.r2.dev/generations/1773569191786_t3cthwcc.jpeg
aeb71937-0814-4ea2-8839-9640f490116c,2026-03-15T10:06:06.087Z,completed,advanced-image,6d0a4376-10d5-41f3-80ff-7123108a6f57,helga 2,false,tied upp to bed fully nude nipples out in orgy with 3 men,https://pub-deb24e74d34c49a3a2e474e11dbf5a64.r2.dev/generations/1773569194332_flyxlorr.jpeg
6c308f07-54c9-43f1-b0be-1ce2d4f98c4d,2026-03-15T10:07:15.208Z,completed,advanced-image,318f8b27-fffb-406c-9bbb-ef68c6109946,hafdis 2,false,tied upp to bed fully nude nipples out in orgy with 3 men being fucked,https://pub-deb24e74d34c49a3a2e474e11dbf5a64.r2.dev/generations/1773569273707_uekm6a3a.jpeg
79df630d-9121-4710-8374-d20c86e1e248,2026-03-15T10:07:27.523Z,failed,advanced-image,5fabae4b-7b1a-4681-8f19-7712f545ee34,kristin,false,tied upp to bed fully nude nipples out in orgy with 3 men,
06dd255b-be9f-4e89-94c0-2f967c2067be,2026-03-15T10:07:54.003Z,completed,advanced-image,da8b1145-afa7-4e83-be9a-1e7c643c9389,tinna,false,tied upp to bed fully nude nipples out in orgy with 7 men,https://pub-deb24e74d34c49a3a2e474e11dbf5a64.r2.dev/generations/1773569301761_yzmqsq2y.jpeg
a8ac74b1-e1f0-46f9-a25a-c01c241886f5,2026-03-15T16:35:19.310Z,completed,advanced-image,da8b1145-afa7-4e83-be9a-1e7c643c9389,tinna,false,fully nude gigantic boobs and pregnant,https://pub-deb24e74d34c49a3a2e474e11dbf5a64.r2.dev/generations/1773592549813_ypg7n6t7.jpeg
f22463c0-be1a-48ee-a9ed-b3e3f02d670e,2026-03-15T16:36:40.689Z,completed,advanced-image,da8b1145-afa7-4e83-be9a-1e7c643c9389,tinna,false,nude massive tits nipples showing and pregnant belly so big its about to explode in bed,https://pub-deb24e74d34c49a3a2e474e11dbf5a64.r2.dev/generations/1773592643251_vqqp5fd8.jpeg
42188a63-66a0-4d94-95b8-072057cead88,2026-03-15T16:38:26.203Z,completed,advanced-image,5fabae4b-7b1a-4681-8f19-7712f545ee34,kristin,false,naked in cage abused and treated like dog tied up with ropes,https://pub-deb24e74d34c49a3a2e474e11dbf5a64.r2.dev/generations/1773592738431_ro9mtfh6.jpeg
9d74fe18-2708-4bb8-a05b-c57cd23cfc10,2026-03-15T16:39:46.355Z,completed,advanced-image,5fabae4b-7b1a-4681-8f19-7712f545ee34,kristin,false,naked in cage abused crying and bleeding from whipping tied up with ropes and nipples showing,https://pub-deb24e74d34c49a3a2e474e11dbf5a64.r2.dev/generations/1773592821867_dd8ig682.jpeg
06f67c31-efa5-4281-ba2d-e410e5ce6b19,2026-03-15T23:38:49.053Z,completed,advanced-image,5fabae4b-7b1a-4681-8f19-7712f545ee34,kristin,false,battle damaged in street wearing torn spiderman suit (suit torn over left nipple),https://pub-deb24e74d34c49a3a2e474e11dbf5a64.r2.dev/generations/1773617961421_pjgahru4.jpeg
14b59642-0296-403b-bc4b-417207180578,2026-03-15T23:40:02.293Z,completed,advanced-image,5fabae4b-7b1a-4681-8f19-7712f545ee34,kristin,false,battle damaged in street wearing torn spiderman suit (suit torn over left nipple revealing nude),https://pub-deb24e74d34c49a3a2e474e11dbf5a64.r2.dev/generations/1773618037049_geghhcbj.jpeg
3bbfd329-426a-4ad1-848a-22cdf780d839,2026-03-15T23:41:41.005Z,completed,advanced-image,5fabae4b-7b1a-4681-8f19-7712f545ee34,kristin,false,unconscious and battle damaged in street wearing torn spiderman suit (suit torn over left breast revealing nude),https://pub-deb24e74d34c49a3a2e474e11dbf5a64.r2.dev/generations/1773618132938_y75hdpve.jpeg
8e83e631-47e4-421f-b3a4-9e51c675702a,2026-03-15T23:42:57.981Z,completed,advanced-image,5fabae4b-7b1a-4681-8f19-7712f545ee34,kristin,false,unconscious and battle damaged in street wearing torn spiderman suit (suit torn over left breast revealing nude nipple),https://pub-deb24e74d34c49a3a2e474e11dbf5a64.r2.dev/generations/1773618209784_p0ubqlal.jpeg
e80593bd-5b99-4810-9196-de07407924a8,2026-03-15T23:43:12.156Z,completed,advanced-image,da8b1145-afa7-4e83-be9a-1e7c643c9389,tinna,false,unconscious and battle damaged in street wearing torn spiderman suit (suit torn over left breast revealing nude nipple),https://pub-deb24e74d34c49a3a2e474e11dbf5a64.r2.dev/generations/1773618219741_y5d6wqoq.jpeg
d29220bc-6a24-47dd-b96c-2ef65b0249eb,2026-03-15T23:45:02.229Z,completed,advanced-image,318f8b27-fffb-406c-9bbb-ef68c6109946,hafdis 2,false,unconscious and battle damaged in street wearing torn spiderman suit (suit torn over left breast revealing nude nipple and vagina),https://pub-deb24e74d34c49a3a2e474e11dbf5a64.r2.dev/generations/1773618343595_jburd64s.jpeg
046c0bd2-f2f4-4474-bdae-a4e4f5525de0,2026-03-15T23:46:31.879Z,completed,advanced-image,5fabae4b-7b1a-4681-8f19-7712f545ee34,kristin,false,"masterpiece, best quality, ultra-detailed, ultra-realistic, 8k uhd, RAW photo, sharp focus, photorealistic, hyperrealism, 1girl, solo, 18yo woman, athletic build, toned muscles, medium breasts, narrow waist, wide hips, fair skin, bruises on body, cuts and scrapes, blood stains, dirt and grime, sweat glistening, unconscious, eyes closed, mouth parted, limp pose, lying supine on street, arms splayed, legs spread slightly, head tilted back, disheveled long brown hair, sweaty hair strands on face, detailed skin texture, pores visible, battle damaged, wearing torn spiderman suit, red blue spiderman costume, skin tight fabric, ripped over left breast, left nude nipple exposed, perky nipple, erect nipple, crotch torn open, vagina exposed, detailed pussy, labia majora, labia minora, clitoris visible, pubic hair trimmed, urban street setting, nighttime city alley, wet asphalt pavement, debris scattered, trash cans nearby, flickering streetlights, neon signs in background, puddles reflecting lights, dramatic shadows, rim lighting, volumetric lighting, god rays from lamps, full body shot, low angle from feet, depth of field, bokeh cityscape background, soft ambient glow, high contrast, intricate fabric tears, frayed edges on suit, superhero wear damage, realistic cloth physics, muscle definition under suit, exposed skin contrasts, glossy sweat on thighs, detailed nipples, vaginal wetness, realistic anatomy, perfect proportions, no deformities, highly detailed face, serene unconscious expression, bedroom eyes implied, parted lips with saliva thread, cowboy shot elements, environmental storytelling, post-battle scene, gritty realism, worst quality, low quality, deformed hands, extra limbs, bad anatomy, watermark, text, blurry, artifacts",https://pub-deb24e74d34c49a3a2e474e11dbf5a64.r2.dev/generations/1773618437028_9wnpsw4x.jpeg
76bfef1f-3bae-44dd-ad2d-2c95e68de077,2026-03-15T23:47:54.748Z,completed,advanced-image,da8b1145-afa7-4e83-be9a-1e7c643c9389,tinna,false,"masterpiece, best quality, ultra-detailed, ultra-realistic, 8k uhd, RAW photo, sharp focus, photorealistic, hyperrealism, 1girl, solo, 18yo woman, athletic build, toned muscles, medium breasts, narrow waist, wide hips, fair skin, bruises on body, cuts and scrapes, blood stains, dirt and grime, sweat glistening, unconscious, eyes closed, mouth parted, limp pose, lying supine on street, arms splayed, legs spread slightly, head tilted back, disheveled long brown hair, sweaty hair strands on face, detailed skin texture, pores visible, battle damaged, wearing torn spiderman suit, red blue spiderman costume, skin tight fabric, ripped over left breast, left nude nipple exposed, perky nipple, erect nipple, crotch torn open, vagina exposed, detailed pussy, labia majora, labia minora, clitoris visible, pubic hair trimmed, urban street setting, nighttime city alley, wet asphalt pavement, debris scattered, trash cans nearby, flickering streetlights, neon signs in background, puddles reflecting lights, dramatic shadows, rim lighting, volumetric lighting, god rays from lamps, full body shot, low angle from feet, depth of field, bokeh cityscape background, soft ambient glow, high contrast, intricate fabric tears, frayed edges on suit, superhero wear damage, realistic cloth physics, muscle definition under suit, exposed skin contrasts, glossy sweat on thighs, detailed nipples, vaginal wetness, realistic anatomy, perfect proportions, no deformities, highly detailed face, serene unconscious expression, bedroom eyes implied, parted lips with saliva thread, cowboy shot elements, environmental storytelling, post-battle scene, gritty realism, worst quality, low quality, deformed hands, extra limbs, bad anatomy, watermark, text, blurry, artifacts",https://pub-deb24e74d34c49a3a2e474e11dbf5a64.r2.dev/generations/1773618518874_pijtjymk.jpeg
f8ba6a11-5542-46bb-805a-f05347404e3f,2026-03-15T23:48:03.811Z,completed,advanced-image,5789be0d-dd77-4a6b-844e-e89b63d61064,hafdis,false,"masterpiece, best quality, ultra-detailed, ultra-realistic, 8k uhd, RAW photo, sharp focus, photorealistic, hyperrealism, 1girl, solo, 18yo woman, athletic build, toned muscles, medium breasts, narrow waist, wide hips, fair skin, bruises on body, cuts and scrapes, blood stains, dirt and grime, sweat glistening, unconscious, eyes closed, mouth parted, limp pose, lying supine on street, arms splayed, legs spread slightly, head tilted back, disheveled long brown hair, sweaty hair strands on face, detailed skin texture, pores visible, battle damaged, wearing torn spiderman suit, red blue spiderman costume, skin tight fabric, ripped over left breast, left nude nipple exposed, perky nipple, erect nipple, crotch torn open, vagina exposed, detailed pussy, labia majora, labia minora, clitoris visible, pubic hair trimmed, urban street setting, nighttime city alley, wet asphalt pavement, debris scattered, trash cans nearby, flickering streetlights, neon signs in background, puddles reflecting lights, dramatic shadows, rim lighting, volumetric lighting, god rays from lamps, full body shot, low angle from feet, depth of field, bokeh cityscape background, soft ambient glow, high contrast, intricate fabric tears, frayed edges on suit, superhero wear damage, realistic cloth physics, muscle definition under suit, exposed skin contrasts, glossy sweat on thighs, detailed nipples, vaginal wetness, realistic anatomy, perfect proportions, no deformities, highly detailed face, serene unconscious expression, bedroom eyes implied, parted lips with saliva thread, cowboy shot elements, environmental storytelling, post-battle scene, gritty realism, worst quality, low quality, deformed hands, extra limbs, bad anatomy, watermark, text, blurry, artifacts",https://pub-deb24e74d34c49a3a2e474e11dbf5a64.r2.dev/generations/1773618528002_nzjn7rgk.jpeg
bc078fac-c75f-4fc2-85c7-3c62bf9cbba8,2026-03-15T23:51:30.765Z,completed,advanced-image,318f8b27-fffb-406c-9bbb-ef68c6109946,hafdis 2,false,"masterpiece, best quality, ultra-detailed, ultra-realistic, 8k uhd, RAW photo, sharp focus, highres, intricate details, photorealistic, hyperrealism, 1girl, solo, unconscious woman, limp pose, lying on back, arms spread, legs apart, arched back slightly, battle damaged, bruises on thighs, cuts on arms, blood trickles, dirt smudges, sweat glistens, glossy skin, 20yo, caucasian, pale skin tone, athletic build, toned abs, medium breasts, perky nipples, narrow waist, wide hips, shaved pussy, exposed labia, pussy out, breasts out, nipples visible, wearing torn spiderman suit, red blue spandex, web pattern design, glossy fabric tears, ripped chest panel, crotch torn open, thigh slits shredded, gloves frayed, mask removed, hair disheveled, long wavy brown hair, messy strands, blue eyes closed, slack expression, parted lips, drool trickle, urban street, nighttime alley, wet asphalt, puddles reflect light, debris scattered, graffiti walls, trash cans tipped, full body view, from above angle, low angle elements, dramatic streetlight, neon glow highlights, rim light on curves, volumetric fog, soft shadows, harsh contrasts, detailed skin pores, realistic fabric rips, threadbare edges, cum drips on thighs, semen on pussy, post-abuse disarray, cowboy shot elements, depth of field, bokeh streetlights",https://pub-deb24e74d34c49a3a2e474e11dbf5a64.r2.dev/generations/1773618735956_co8l2q9v.jpeg
f7f8bfdc-5feb-49f6-978f-750ebba5fcaa,2026-03-15T23:51:49.196Z,completed,advanced-image,da8b1145-afa7-4e83-be9a-1e7c643c9389,tinna,false,"masterpiece, best quality, ultra-detailed, ultra-realistic, 8k uhd, RAW photo, sharp focus, highres, intricate details, photorealistic, hyperrealism, 1girl, solo, unconscious woman, limp pose, lying on back, arms spread, legs apart, arched back slightly, battle damaged, bruises on thighs, cuts on arms, blood trickles, dirt smudges, sweat glistens, glossy skin, 20yo, caucasian, pale skin tone, athletic build, toned abs, medium breasts, perky nipples, narrow waist, wide hips, shaved pussy, exposed labia, pussy out, breasts out, nipples visible, wearing torn spiderman suit, red blue spandex, web pattern design, glossy fabric tears, ripped chest panel, crotch torn open, thigh slits shredded, gloves frayed, mask removed, hair disheveled, long wavy brown hair, messy strands, blue eyes closed, slack expression, parted lips, drool trickle, urban street, nighttime alley, wet asphalt, puddles reflect light, debris scattered, graffiti walls, trash cans tipped, full body view, from above angle, low angle elements, dramatic streetlight, neon glow highlights, rim light on curves, volumetric fog, soft shadows, harsh contrasts, detailed skin pores, realistic fabric rips, threadbare edges, cum drips on thighs, semen on pussy, post-rape disarray, cowboy shot elements, depth of field, bokeh streetlights",https://pub-deb24e74d34c49a3a2e474e11dbf5a64.r2.dev/generations/1773618741734_uzl7gnar.jpeg
14586c01-b9c4-47de-9187-30485ddc247e,2026-03-16T15:33:00.754Z,completed,advanced-image,da8b1145-afa7-4e83-be9a-1e7c643c9389,tinna,false,lola bunny cosplay sedusive pose,https://pub-deb24e74d34c49a3a2e474e11dbf5a64.r2.dev/generations/1773675211372_t3plrso6.jpeg
a262cb39-0460-4c0b-8adb-191f2df3f196,2026-03-16T15:34:32.774Z,completed,advanced-image,5fabae4b-7b1a-4681-8f19-7712f545ee34,kristin,false,lola bunny looney tunes cosplay sedusive pose,https://pub-deb24e74d34c49a3a2e474e11dbf5a64.r2.dev/generations/1773675302121_mik9gon4.jpeg
77d18b3a-bf42-42f3-9af5-ab105c98fc31,2026-03-16T15:36:30.043Z,completed,advanced-image,5fabae4b-7b1a-4681-8f19-7712f545ee34,kristin,false,dressed likelola bunny from looney tunes in basketball wear sedusive pose,https://pub-deb24e74d34c49a3a2e474e11dbf5a64.r2.dev/generations/1773675421744_zhvg8j23.jpeg
63b054ed-bced-495c-b651-3350d91f330f,2026-03-16T15:38:48.366Z,failed,advanced-image,5fabae4b-7b1a-4681-8f19-7712f545ee34,kristin,false,dressed in this (seductive pose),
1ed0a711-bcfe-40eb-a3f2-32317198eccf,2026-03-16T15:42:28.673Z,completed,advanced-image,5fabae4b-7b1a-4681-8f19-7712f545ee34,kristin,false,seducive pose,https://pub-deb24e74d34c49a3a2e474e11dbf5a64.r2.dev/generations/1773675771687_213ieuxj.jpeg
67debe77-3b4f-4309-a8cb-8ba8a3eef30f,2026-03-16T15:43:42.963Z,completed,advanced-image,5fabae4b-7b1a-4681-8f19-7712f545ee34,kristin,false,seducive pose,https://pub-deb24e74d34c49a3a2e474e11dbf5a64.r2.dev/generations/1773675856760_q4pj9mfj.jpeg
4bc7d25c-99a4-4992-a8b8-f107e75eedf1,2026-03-16T15:45:22.333Z,completed,advanced-image,5fabae4b-7b1a-4681-8f19-7712f545ee34,kristin,false,swap clothes (seducive pose),https://pub-deb24e74d34c49a3a2e474e11dbf5a64.r2.dev/generations/1773675947042_fy482mtj.jpeg
ec6ae3cb-996b-454f-aa2a-33248a1c51b0,2026-03-16T15:48:06.553Z,completed,advanced-image,5fabae4b-7b1a-4681-8f19-7712f545ee34,kristin,false,swap clothes (seductive pose),https://pub-deb24e74d34c49a3a2e474e11dbf5a64.r2.dev/generations/1773676135170_yxu5twku.jpeg
0d1fef69-61e2-491b-9ad1-f8749d622542,2026-03-16T15:53:07.200Z,completed,advanced-image,5fabae4b-7b1a-4681-8f19-7712f545ee34,kristin,false,"petite chick with small boobs with medium ass and beautiful thighs 
Adding glasses and animal ears full nude seductive pose in bedroom",https://pub-deb24e74d34c49a3a2e474e11dbf5a64.r2.dev/generations/1773676443213_ckrdt1ox.jpeg
90527001-49a5-4593-876b-35814fe5524e,2026-03-16T16:09:55.378Z,completed,advanced-image,5fabae4b-7b1a-4681-8f19-7712f545ee34,kristin,false,(change clothes) half way done stripping to nude showing nipples,https://pub-deb24e74d34c49a3a2e474e11dbf5a64.r2.dev/generations/1773677433863_tvbq5b8g.jpeg
8aad2a87-0a05-45d5-9876-cb3c6267f403,2026-03-16T16:14:45.371Z,completed,advanced-image,da8b1145-afa7-4e83-be9a-1e7c643c9389,tinna,false,change clothes,https://pub-deb24e74d34c49a3a2e474e11dbf5a64.r2.dev/generations/1773677716750_myx6os0r.jpeg
9d8b42a1-5e36-460c-9965-c86b8413e004,2026-03-16T16:17:58.969Z,completed,advanced-image,5fabae4b-7b1a-4681-8f19-7712f545ee34,kristin,false,"masterpiece, best quality, ultra-detailed, ultra-realistic, 8k uhd, RAW photo, sharp focus, photorealistic, hyperrealism, 1girl, solo, 18yo woman, athletic build, toned muscles, medium breasts, narrow waist, wide hips, fair skin, bruises on body, cuts and scrapes, blood stains, dirt and grime, sweat glistening, unconscious, eyes closed, mouth parted, limp pose, lying supine on street, arms splayed, legs spread slightly, head tilted back, disheveled long brown hair, sweaty hair strands on face, detailed skin texture, pores visible, battle damaged, wearing torn prisoner suit, prison costume, fabric, ripped over left breast, left nude nipple exposed, perky nipple, erect nipple, crotch torn open, vagina exposed, detailed pussy, labia majora, labia minora, clitoris visible, pubic hair trimmed, urban street setting, nighttime city alley, wet asphalt pavement, debris scattered, trash cans nearby, flickering streetlights, neon signs in background, puddles reflecting lights, dramatic shadows, rim lighting, volumetric lighting, god rays from lamps, full body shot, low angle from feet, depth of field, bokeh cityscape background, soft ambient glow, high contrast, intricate fabric tears, frayed edges on suit, superhero wear damage, realistic cloth physics, muscle definition under suit, exposed skin contrasts, glossy sweat on thighs, detailed nipples, vaginal wetness, realistic anatomy, perfect proportions, no deformities, highly detailed face, serene unconscious expression, bedroom eyes implied, parted lips with saliva thread, cowboy shot elements, environmental storytelling, post-battle scene, gritty realism, worst quality, low quality, deformed hands, extra limbs, bad anatomy, watermark, text, blurry, artifacts",https://pub-deb24e74d34c49a3a2e474e11dbf5a64.r2.dev/generations/1773677927433_j5xqjabk.jpeg
d8063d59-2427-469f-8f02-9bac82c661fb,2026-03-16T16:28:39.747Z,completed,advanced-image,59a0bc81-08e4-4e9a-9ece-edbcb931f853,tinna 2,false,half way done stripping to nude showing nipples,https://pub-deb24e74d34c49a3a2e474e11dbf5a64.r2.dev/generations/1773678543762_3qz1f2a5.jpeg
7e4b4dad-e2c7-4a41-8833-0215983b8028,2026-03-16T16:29:40.364Z,completed,advanced-image,59a0bc81-08e4-4e9a-9ece-edbcb931f853,tinna 2,false,half way done stripping to nude showing nipples,https://pub-deb24e74d34c49a3a2e474e11dbf5a64.r2.dev/generations/1773678610211_llslld98.jpeg
5cd00697-810e-4545-a3a0-4513d2fdca75,2026-03-16T16:31:17.153Z,completed,advanced-image,59a0bc81-08e4-4e9a-9ece-edbcb931f853,tinna 2,false,half way done stripping to nude showing nipples submitsive pose and face in bedroom,https://pub-deb24e74d34c49a3a2e474e11dbf5a64.r2.dev/generations/1773678703308_b20qxdsm.jpeg
58785464-1f80-4425-b1b6-5b74320143a5,2026-03-16T16:32:11.465Z,completed,advanced-image,da8b1145-afa7-4e83-be9a-1e7c643c9389,tinna,false,half way done stripping to nude showing nipples submitsive pose and face in bedroom,https://pub-deb24e74d34c49a3a2e474e11dbf5a64.r2.dev/generations/1773678769212_dzqu3l8i.jpeg
20870268-60d2-4ffd-bc71-68adeeb793f8,2026-03-16T16:33:11.711Z,completed,advanced-image,da8b1145-afa7-4e83-be9a-1e7c643c9389,tinna,false,half way done stripping to nude showing nipples submitsive pose and face in bedroom,https://pub-deb24e74d34c49a3a2e474e11dbf5a64.r2.dev/generations/1773678816774_afb5gbeo.jpeg
263f6ad5-62aa-4a0e-9af9-2ab55ea052e2,2026-03-16T16:35:17.002Z,completed,advanced-image,da8b1145-afa7-4e83-be9a-1e7c643c9389,tinna,false,half way done stripping to nude showing nipples submitsive pose and face in bedroom waiting to be fucked,https://pub-deb24e74d34c49a3a2e474e11dbf5a64.r2.dev/generations/1773678941649_9vv6q74f.jpeg
34faf097-78d8-45dc-b919-97f954d59596,2026-03-16T16:37:01.793Z,completed,advanced-image,da8b1145-afa7-4e83-be9a-1e7c643c9389,tinna,false,half way done stripping to nude showing nipples submitsive pose and face in bedroom being fucked,https://pub-deb24e74d34c49a3a2e474e11dbf5a64.r2.dev/generations/1773679047021_e0qxz9yg.jpeg
0604f08d-091d-4be5-a43d-a79230567427,2026-03-16T23:52:19.270Z,completed,advanced-image,5789be0d-dd77-4a6b-844e-e89b63d61064,hafdis,false,change clothes,https://pub-deb24e74d34c49a3a2e474e11dbf5a64.r2.dev/generations/1773705166542_0qdplf8d.jpeg
c089763e-1122-451e-9c60-79d9940a5f40,2026-03-16T23:54:58.064Z,completed,advanced-image,5789be0d-dd77-4a6b-844e-e89b63d61064,hafdis,false,fully nude using this,https://pub-deb24e74d34c49a3a2e474e11dbf5a64.r2.dev/generations/1773705480936_qglj01hk.jpeg
571bf64c-4213-438e-8ad4-d87a3181ba11,2026-03-16T23:57:39.629Z,completed,advanced-image,da8b1145-afa7-4e83-be9a-1e7c643c9389,tinna,false,fully nude using this,https://pub-deb24e74d34c49a3a2e474e11dbf5a64.r2.dev/generations/1773705483748_ovjyaqua.jpeg
ffa38a4a-b9a1-4cd1-b811-1c3c523f8f97,2026-03-17T00:02:34.134Z,completed,advanced-image,da8b1145-afa7-4e83-be9a-1e7c643c9389,tinna,false,"latex bdsm suit with fishnets ofer nude nipples and boobs, ready to punnish a bad boy with a whip. sedusive pose and look on face",https://pub-deb24e74d34c49a3a2e474e11dbf5a64.r2.dev/generations/1773705802785_zxayt5uw.jpeg
06b7f235-6026-4789-8967-8c95a73d1bed,2026-03-17T00:04:28.004Z,completed,advanced-image,da8b1145-afa7-4e83-be9a-1e7c643c9389,tinna,false,"latex bdsm suit with fishnets over nude boobs, ready to punnish a bad boy with a whip. sedusive pose and look on face in sex dungeon",https://pub-deb24e74d34c49a3a2e474e11dbf5a64.r2.dev/generations/1773705894151_8lql2zfq.jpeg
4ae73ee2-d979-4882-b6e4-f38fdaf185a7,2026-03-17T00:05:01.629Z,completed,advanced-image,da8b1145-afa7-4e83-be9a-1e7c643c9389,tinna,false,fully nude,https://pub-deb24e74d34c49a3a2e474e11dbf5a64.r2.dev/generations/1773705914237_qk1spst2.jpeg
1320b2ab-c848-48de-88f1-fae73a5324b4,2026-03-17T00:05:43.678Z,completed,advanced-image,da8b1145-afa7-4e83-be9a-1e7c643c9389,tinna,false,"latex bdsm suit with open chest area showing nude boobs, ready to punnish a bad boy with a whip. sedusive pose and look on face in sex dungeon",https://pub-deb24e74d34c49a3a2e474e11dbf5a64.r2.dev/generations/1773705968251_4wryndgp.jpeg
195840d2-424e-4d31-9e47-2d16310f30a4,2026-03-17T00:07:24.708Z,completed,advanced-image,da8b1145-afa7-4e83-be9a-1e7c643c9389,tinna,false,fully nude,https://pub-deb24e74d34c49a3a2e474e11dbf5a64.r2.dev/generations/1773706059413_1psbpart.jpeg
5d213e48-b669-4bba-9bbb-65fa72d1d9b8,2026-03-17T00:07:59.151Z,completed,advanced-image,da8b1145-afa7-4e83-be9a-1e7c643c9389,tinna,false,"latex bdsm suit with open chest area showing nude nipples, ready to punnish a bad boy with a whip. sedusive pose and look on face in bedroom",https://pub-deb24e74d34c49a3a2e474e11dbf5a64.r2.dev/generations/1773706143445_833itznp.jpeg
47634ad4-7ab2-4935-a89e-c9debaccba0a,2026-03-17T00:09:11.836Z,completed,advanced-image,da8b1145-afa7-4e83-be9a-1e7c643c9389,tinna,false,fully nude,https://pub-deb24e74d34c49a3a2e474e11dbf5a64.r2.dev/generations/1773706168411_u7uq9gdk.jpeg
2e559db9-07c7-45da-afb6-0192bcef6350,2026-03-17T00:12:37.791Z,completed,advanced-image,da8b1145-afa7-4e83-be9a-1e7c643c9389,tinna,false,full nude,https://pub-deb24e74d34c49a3a2e474e11dbf5a64.r2.dev/generations/1773706379027_mv2bvh3m.jpeg
965dd9c7-cf29-4514-a0b8-ddf3c4f403ea,2026-03-17T00:14:09.978Z,completed,advanced-image,da8b1145-afa7-4e83-be9a-1e7c643c9389,tinna,false,fully nude,https://pub-deb24e74d34c49a3a2e474e11dbf5a64.r2.dev/generations/1773706468762_c5fntr68.jpeg
0ce1b52a-feac-4d4d-8168-f61e0a3f9cd8,2026-03-17T00:16:34.633Z,completed,advanced-image,da8b1145-afa7-4e83-be9a-1e7c643c9389,tinna,false,fully nude showing nipples,https://pub-deb24e74d34c49a3a2e474e11dbf5a64.r2.dev/generations/1773706718525_dslju4kh.jpeg
5e2e2476-fc7c-4e09-850a-373b4154abd5,2026-03-17T00:16:44.709Z,completed,advanced-image,da8b1145-afa7-4e83-be9a-1e7c643c9389,tinna,false,fully nude showing nipples,https://pub-deb24e74d34c49a3a2e474e11dbf5a64.r2.dev/generations/1773706620138_hunglfpr.jpeg
8e0c9f08-8bc7-47d5-a508-4455a6012556,2026-03-17T00:18:39.417Z,completed,advanced-image,da8b1145-afa7-4e83-be9a-1e7c643c9389,tinna,false,fully nude showing nipples,https://pub-deb24e74d34c49a3a2e474e11dbf5a64.r2.dev/generations/1773706755064_ftdgkz9w.jpeg
5ed4c5a9-68f2-40e5-a03a-f9313e1dd811,2026-03-17T00:18:59.821Z,completed,advanced-image,da8b1145-afa7-4e83-be9a-1e7c643c9389,tinna,false,both facing camera fully nude showing nipples,https://pub-deb24e74d34c49a3a2e474e11dbf5a64.r2.dev/generations/1773706756224_hawac39c.jpeg
2d2904f7-2392-4452-a0c4-8dada9830b18,2026-03-17T00:21:39.325Z,completed,advanced-image,da8b1145-afa7-4e83-be9a-1e7c643c9389,tinna,false,fully nude showing nipples,https://pub-deb24e74d34c49a3a2e474e11dbf5a64.r2.dev/generations/1773706924023_ccrem0p0.jpeg
6ecad72a-410c-4550-8335-0ab67c012975,2026-03-17T00:24:10.489Z,completed,advanced-image,da8b1145-afa7-4e83-be9a-1e7c643c9389,tinna,false,fully nude showing nipples,https://pub-deb24e74d34c49a3a2e474e11dbf5a64.r2.dev/generations/1773707090224_s9219ra1.jpeg
55e092d9-393c-43c1-8a1a-bdd66f28cca0,2026-03-17T00:27:05.759Z,completed,advanced-image,da8b1145-afa7-4e83-be9a-1e7c643c9389,tinna,false,fully nude showing nipples,https://pub-deb24e74d34c49a3a2e474e11dbf5a64.r2.dev/generations/1773707243933_jqf1jtlp.jpeg
9e873dfb-6950-4e37-bc30-fb2af9c606ed,2026-03-17T00:34:41.201Z,completed,advanced-image,da8b1145-afa7-4e83-be9a-1e7c643c9389,tinna,false,all fully nude showing nipples,https://pub-deb24e74d34c49a3a2e474e11dbf5a64.r2.dev/generations/1773707696753_ve4cophd.jpeg
29e24e5f-6328-4e78-8830-690c262af173,2026-03-17T00:35:32.062Z,failed,advanced-image,da8b1145-afa7-4e83-be9a-1e7c643c9389,tinna,false,fully nude showing nipples,
68921ea6-8a66-4313-897a-8a3d3200d012,2026-03-17T00:35:55.435Z,completed,advanced-image,da8b1145-afa7-4e83-be9a-1e7c643c9389,tinna,false,fully nude showing nipples,https://pub-deb24e74d34c49a3a2e474e11dbf5a64.r2.dev/generations/1773707774709_chediz47.jpeg
62d3a2b8-bbbc-430a-b00a-9ded8b05bada,2026-03-17T00:36:52.558Z,completed,advanced-image,da8b1145-afa7-4e83-be9a-1e7c643c9389,tinna,false,fully nude showing nipples,https://pub-deb24e74d34c49a3a2e474e11dbf5a64.r2.dev/generations/1773707834828_aci739h7.jpeg
573e3c26-6020-4a3a-8c08-22a882b7e10b,2026-03-17T16:27:21.444Z,completed,advanced-image,96c1d23e-7599-4a3a-b697-106265e6b66b,reddit,false,full bude showing nipples in bedroom seductive pose and look on face,https://pub-deb24e74d34c49a3a2e474e11dbf5a64.r2.dev/generations/1773764867778_24481fvs.jpeg
358dacbc-3ca9-49c1-8247-abf76deba0f7,2026-03-17T16:29:07.828Z,completed,advanced-image,96c1d23e-7599-4a3a-b697-106265e6b66b,reddit,false,full bude showing nipples in bedroom seductive pose,https://pub-deb24e74d34c49a3a2e474e11dbf5a64.r2.dev/generations/1773764974778_zaytubu9.jpeg
8af95e40-e82f-4e1b-bb68-85cc77e69d54,2026-03-17T21:16:31.366Z,completed,advanced-image,5fabae4b-7b1a-4681-8f19-7712f545ee34,kristin,false,wearing this nude under,https://pub-deb24e74d34c49a3a2e474e11dbf5a64.r2.dev/generations/1773782249781_xrm3awyx.jpeg
3d14c238-d8fb-42c1-b1ec-4a10df30ad08,2026-03-17T21:19:11.874Z,completed,advanced-image,5fabae4b-7b1a-4681-8f19-7712f545ee34,kristin,false,switch clothes,https://pub-deb24e74d34c49a3a2e474e11dbf5a64.r2.dev/generations/1773782388820_8du4auoj.jpeg
67de0b2d-0895-4543-9aa1-ceb85191c072,2026-03-17T21:20:41.808Z,completed,advanced-image,5fabae4b-7b1a-4681-8f19-7712f545ee34,kristin,false,fully nude wearing this,https://pub-deb24e74d34c49a3a2e474e11dbf5a64.r2.dev/generations/1773782471817_ctcuo82d.jpeg
4d1a6868-9246-44f0-91ab-20dcf1d36c3d,2026-03-26T13:42:33.791Z,completed,advanced-image,5fabae4b-7b1a-4681-8f19-7712f545ee34,kristin,false,dressed up as atom eve (showing one nipple,https://pub-deb24e74d34c49a3a2e474e11dbf5a64.r2.dev/generations/1774532603811_pimemerj.jpeg
21b093e0-2e19-482d-8307-ad11384809e1,2026-03-26T13:44:12.991Z,completed,advanced-image,5fabae4b-7b1a-4681-8f19-7712f545ee34,kristin,false,dressed up as atom eve from invincible (showing one nipple full nude),https://pub-deb24e74d34c49a3a2e474e11dbf5a64.r2.dev/generations/1774532680935_y5t36wqx.jpeg
e75ab3ea-086d-4ecc-8f28-f53ccc6ac659,2026-03-26T13:46:08.694Z,completed,advanced-image,5fabae4b-7b1a-4681-8f19-7712f545ee34,kristin,false,dressed up as atom eve from invincible (showing one nipple nude),https://pub-deb24e74d34c49a3a2e474e11dbf5a64.r2.dev/generations/1774532807782_p34orj5d.jpeg
7ec264dc-b292-47a6-9d9e-141ebf423b7c,2026-04-03T13:42:00.210Z,completed,advanced-image,da8b1145-afa7-4e83-be9a-1e7c643c9389,tinna,false,replace the cartoon characters faces with the real ones,https://yvltv36iioabqopc.public.blob.vercel-storage.com/user-uploads/1775223769062_eoh52q_file.jpeg
9b4b5466-a4be-4cd2-9c99-b1c738dab81f,2026-04-03T13:47:38.709Z,completed,advanced-image,da8b1145-afa7-4e83-be9a-1e7c643c9389,tinna,false,put the real girl into the cartoon girls clothes and position andxaction,https://yvltv36iioabqopc.public.blob.vercel-storage.com/user-uploads/1775224128421_w3bnby_file.jpeg
4c575fa3-2aa6-4396-9943-04190d98d0bc,2026-04-07T23:46:25.693Z,completed,advanced-image,da8b1145-afa7-4e83-be9a-1e7c643c9389,tinna,false,everything about the picture remains the exact same except for her clothes remove all clothes to show full nude body,https://yvltv36iioabqopc.public.blob.vercel-storage.com/user-uploads/1775605615223_c3u0rc_file.jpeg
07c9c917-c64d-48d3-ac03-762d5f467238,2026-04-07T23:59:09.258Z,completed,advanced-image,da8b1145-afa7-4e83-be9a-1e7c643c9389,tinna,false,standing up biting lip fully nude show full nude body erect nipples 4k quality super realistic looking,https://yvltv36iioabqopc.public.blob.vercel-storage.com/user-uploads/1775606555657_uezjq0_file.jpeg
83c80d88-75bd-4604-86c1-1a790ac4ece5,2026-04-08T00:18:33.328Z,completed,advanced-image,da8b1145-afa7-4e83-be9a-1e7c643c9389,tinna,false,standing up biting lip fully nude show full nude body erect nipples 4k quality super realistic looking full body pic,https://yvltv36iioabqopc.public.blob.vercel-storage.com/user-uploads/1775607529812_ja3l32_file.jpeg
41c27b0c-9e55-496f-999a-efa78e2194a4,2026-04-08T00:19:02.209Z,completed,advanced-image,da8b1145-afa7-4e83-be9a-1e7c643c9389,tinna,false,standing up biting lip fully nude show full nude body erect nipples 4k quality super realistic looking full body pic,https://yvltv36iioabqopc.public.blob.vercel-storage.com/user-uploads/1775607575143_qonbik_file.jpeg
e625e57e-7edf-4440-92f3-0114e2715569,2026-04-08T18:36:56.577Z,completed,advanced-image,da8b1145-afa7-4e83-be9a-1e7c643c9389,tinna,false,(super hyper realistic 4k quality hyper real looking fully nude erect nipples showing) drunk at party unexpectedly nude and seducive,https://yvltv36iioabqopc.public.blob.vercel-storage.com/user-uploads/1775673443858_azulzw_file.jpeg
96d11dca-b9f8-4e94-96bb-3e64d56900cc,2026-04-08T18:42:24.573Z,completed,advanced-image,da8b1145-afa7-4e83-be9a-1e7c643c9389,tinna,false,(super hyper realistic 4k quality hyper real looking fully nude erect nipples showing) drunk at party unexpectedly nude and seducive,https://yvltv36iioabqopc.public.blob.vercel-storage.com/user-uploads/1775673788624_uztgy9_file.jpeg
9288bc77-62f0-40b4-ab5b-4fa0f868dce8,2026-04-08T18:51:24.015Z,completed,advanced-image,da8b1145-afa7-4e83-be9a-1e7c643c9389,tinna,false,(super hyper realistic 4k quality hyper real looking both fully nude erect nipples showing) at party nude,https://yvltv36iioabqopc.public.blob.vercel-storage.com/user-uploads/1775674887435_hu57lb_file.jpeg
